"date_analysis","proj","model1","model2","model3"
2022-06-15,0,"gbm","rf","gru"
2022-06-15,1,"rf","gru","xgb"
2022-06-15,2,"gru","rf","gbm"
2022-06-15,3,"rf","gbm","gru"
2022-06-15,4,"rf","gbm","gru"
2022-06-15,5,"gru","rf","gbm"
2022-06-15,6,"gru","gbm","rf"
2022-06-15,7,"gru","gpr","svr"
2022-06-15,8,"gru","gpr","gbm"
2022-06-15,9,"gru","gpr","svr"
2022-06-15,10,"gru","rf","gpr"
2022-06-15,11,"rf","gru","gbm"
2022-06-15,12,"rf","gbm","gpr"
2022-06-15,13,"gbm","rf","gpr"
2022-06-15,14,"gpr","gbm","rf"
2022-06-16,0,"gru","gbm","lm"
2022-06-16,1,"gru","rf","xgb"
2022-06-16,2,"rf","gru","gbm"
2022-06-16,3,"rf","gru","gbm"
2022-06-16,4,"rf","gbm","xgb"
2022-06-16,5,"rf","gbm","gru"
2022-06-16,6,"gru","gbm","rf"
2022-06-16,7,"gru","gbm","rf"
2022-06-16,8,"gru","gbm","gpr"
2022-06-16,9,"gru","gpr","gbm"
2022-06-16,10,"gru","gpr","rf"
2022-06-16,11,"gru","gpr","rf"
2022-06-16,12,"gpr","gru","gbm"
2022-06-16,13,"rf","gbm","gru"
2022-06-16,14,"gpr","gbm","rf"
2022-06-17,0,"lm","gpr","svr"
2022-06-17,1,"rf","xgb","gru"
2022-06-17,2,"rf","gru","gbm"
2022-06-17,3,"rf","gru","gbm"
2022-06-17,4,"rf","xgb","gru"
2022-06-17,5,"rf","gbm","xgb"
2022-06-17,6,"gbm","rf","gru"
2022-06-17,7,"gru","gbm","rf"
2022-06-17,8,"gru","rf","gbm"
2022-06-17,9,"gru","gpr","gbm"
2022-06-17,10,"gru","gpr","rf"
2022-06-17,11,"gru","gpr","lm"
2022-06-17,12,"gru","gpr","gbm"
2022-06-17,13,"gru","gpr","rf"
2022-06-17,14,"gpr","gbm","rf"
2022-06-18,0,"gpr","svr","lm"
2022-06-18,1,"rf","gam","svr"
2022-06-18,2,"rf","gbm","gam"
2022-06-18,3,"rf","gru","xgb"
2022-06-18,4,"xgb","gru","rf"
2022-06-18,5,"xgb","gru","rf"
2022-06-18,6,"rf","gru","xgb"
2022-06-18,7,"rf","gru","gbm"
2022-06-18,8,"gru","rf","gbm"
2022-06-18,9,"gru","gbm","rf"
2022-06-18,10,"gru","gpr","rf"
2022-06-18,11,"gru","gpr","lm"
2022-06-18,12,"gru","gpr","gbm"
2022-06-18,13,"gru","gpr","rf"
2022-06-18,14,"gpr","gru","gbm"
2022-06-19,0,"gpr","svr","lm"
2022-06-19,1,"rf","garch","svr"
2022-06-19,2,"rf","gam","garch"
2022-06-19,3,"xgb","rf","gam"
2022-06-19,4,"xgb","gru","lm"
2022-06-19,5,"xgb","gru","lm"
2022-06-19,6,"gru","xgb","rf"
2022-06-19,7,"rf","gru","xgb"
2022-06-19,8,"rf","gru","gbm"
2022-06-19,9,"gru","rf","gbm"
2022-06-19,10,"gru","rf","gbm"
2022-06-19,11,"gru","gpr","lm"
2022-06-19,12,"gru","gpr","gbm"
2022-06-19,13,"gru","gpr","gbm"
2022-06-19,14,"gru","gpr","gbm"
2022-06-20,0,"gpr","svr","lm"
2022-06-20,1,"rf","garch","svr"
2022-06-20,2,"rf","garch","gam"
2022-06-20,3,"garch","lm","xgb"
2022-06-20,4,"xgb","lm","gru"
2022-06-20,5,"xgb","gru","lm"
2022-06-20,6,"xgb","gru","rf"
2022-06-20,7,"gru","rf","xgb"
2022-06-20,8,"rf","gru","xgb"
2022-06-20,9,"gru","rf","xgb"
2022-06-20,10,"gru","rf","gbm"
2022-06-20,11,"gru","gpr","gbm"
2022-06-20,12,"gru","gpr","gbm"
2022-06-20,13,"gru","gpr","gbm"
2022-06-20,14,"gru","gpr","gbm"
2022-06-21,0,"gpr","svr","lm"
2022-06-21,1,"rf","gbm","garch"
2022-06-21,2,"rf","gbm","garch"
2022-06-21,3,"xgb","arima","garch"
2022-06-21,4,"xgb","lm","garch"
2022-06-21,5,"xgb","gru","lm"
2022-06-21,6,"xgb","gru","rf"
2022-06-21,7,"gru","xgb","rf"
2022-06-21,8,"gru","xgb","rf"
2022-06-21,9,"gru","rf","xgb"
2022-06-21,10,"gru","gbm","rf"
2022-06-21,11,"gru","gbm","rf"
2022-06-21,12,"gru","gbm","gpr"
2022-06-21,13,"gru","gpr","gbm"
2022-06-21,14,"gru","gpr","gbm"
2022-06-22,0,"gpr","svr","lm"
2022-06-22,1,"rf","gbm","garch"
2022-06-22,2,"rf","garch","gbm"
2022-06-22,3,"xgb","arima","garch"
2022-06-22,4,"xgb","arima","garch"
2022-06-22,5,"xgb","lm","svr"
2022-06-22,6,"xgb","gru","lm"
2022-06-22,7,"xgb","gru","lm"
2022-06-22,8,"xgb","gru","rf"
2022-06-22,9,"gru","xgb","rf"
2022-06-22,10,"gru","rf","gbm"
2022-06-22,11,"gru","gbm","rf"
2022-06-22,12,"gru","gbm","rf"
2022-06-22,13,"gru","gpr","rf"
2022-06-22,14,"gru","gpr","rf"
2022-06-23,0,"rf","gpr","svr"
2022-06-23,1,"rf","gbm","svr"
2022-06-23,2,"rf","garch","arima"
2022-06-23,3,"arima","garch","lm"
2022-06-23,4,"xgb","arima","garch"
2022-06-23,5,"xgb","arima","garch"
2022-06-23,6,"xgb","lm","gpr"
2022-06-23,7,"xgb","gru","gpr"
2022-06-23,8,"gru","xgb","rf"
2022-06-23,9,"rf","gru","xgb"
2022-06-23,10,"gru","gbm","rf"
2022-06-23,11,"gru","gbm","rf"
2022-06-23,12,"gru","gbm","rf"
2022-06-23,13,"gru","gbm","rf"
2022-06-23,14,"gru","gpr","rf"
2022-06-24,0,"rf","gpr","lm"
2022-06-24,1,"rf","gbm","svr"
2022-06-24,2,"garch","rf","arima"
2022-06-24,3,"arima","garch","gpr"
2022-06-24,4,"xgb","arima","garch"
2022-06-24,5,"arima","garch","gpr"
2022-06-24,6,"xgb","lm","gpr"
2022-06-24,7,"xgb","lm","gpr"
2022-06-24,8,"xgb","gru","gpr"
2022-06-24,9,"rf","gru","xgb"
2022-06-24,10,"rf","gbm","gru"
2022-06-24,11,"gru","gbm","rf"
2022-06-24,12,"gru","gbm","rf"
2022-06-24,13,"gru","gbm","rf"
2022-06-24,14,"gru","gbm","rf"
2022-06-25,0,"rf","arima","garch"
2022-06-25,1,"lm","gpr","garch"
2022-06-25,2,"rf","garch","arima"
2022-06-25,3,"arima","garch","gpr"
2022-06-25,4,"xgb","arima","garch"
2022-06-25,5,"arima","garch","xgb"
2022-06-25,6,"xgb","gpr","lm"
2022-06-25,7,"xgb","gpr","lm"
2022-06-25,8,"xgb","gru","gpr"
2022-06-25,9,"gru","rf","xgb"
2022-06-25,10,"rf","gru","gbm"
2022-06-25,11,"gbm","rf","gru"
2022-06-25,12,"gru","gbm","rf"
2022-06-25,13,"gru","gbm","rf"
2022-06-25,14,"gru","gbm","xgb"
2022-06-26,0,"rf","gpr","arima"
2022-06-26,1,"garch","arima","lm"
2022-06-26,2,"gru","rf","garch"
2022-06-26,3,"arima","garch","gpr"
2022-06-26,4,"arima","garch","xgb"
2022-06-26,5,"arima","garch","gpr"
2022-06-26,6,"gpr","xgb","lm"
2022-06-26,7,"xgb","gpr","lm"
2022-06-26,8,"xgb","gru","gpr"
2022-06-26,9,"gru","xgb","rf"
2022-06-26,10,"gru","rf","xgb"
2022-06-26,11,"rf","gbm","gru"
2022-06-26,12,"gbm","rf","gru"
2022-06-26,13,"gru","gbm","rf"
2022-06-26,14,"gru","gbm","rf"
2022-06-27,0,"rf","arima","garch"
2022-06-27,1,"garch","lm","arima"
2022-06-27,2,"gru","garch","rf"
2022-06-27,3,"arima","garch","gpr"
2022-06-27,4,"xgb","arima","garch"
2022-06-27,5,"arima","garch","gam"
2022-06-27,6,"gpr","lm","arima"
2022-06-27,7,"xgb","gpr","lm"
2022-06-27,8,"xgb","gru","gpr"
2022-06-27,9,"gru","xgb","gpr"
2022-06-27,10,"rf","gru","xgb"
2022-06-27,11,"gru","rf","gbm"
2022-06-27,12,"rf","gbm","gru"
2022-06-27,13,"gbm","gru","rf"
2022-06-27,14,"gru","gbm","rf"
2022-06-28,0,"rf","gpr","arima"
2022-06-28,1,"gpr","lm","gbm"
2022-06-28,2,"gru","garch","gpr"
2022-06-28,3,"arima","garch","gpr"
2022-06-28,4,"xgb","arima","garch"
2022-06-28,5,"arima","garch","gam"
2022-06-28,6,"gpr","lm","garch"
2022-06-28,7,"xgb","gpr","lm"
2022-06-28,8,"xgb","gru","gpr"
2022-06-28,9,"xgb","gru","gpr"
2022-06-28,10,"gru","rf","gpr"
2022-06-28,11,"rf","gru","gbm"
2022-06-28,12,"rf","gbm","gru"
2022-06-28,13,"gbm","gru","rf"
2022-06-28,14,"gbm","gru","rf"
2022-06-29,0,"rf","gbm","gpr"
2022-06-29,1,"rf","gbm","svr"
2022-06-29,2,"garch","gbm","gru"
2022-06-29,3,"arima","garch","gpr"
2022-06-29,4,"arima","garch","gpr"
2022-06-29,5,"gru","arima","gpr"
2022-06-29,6,"gpr","lm","garch"
2022-06-29,7,"gpr","xgb","lm"
2022-06-29,8,"xgb","gpr","gru"
2022-06-29,9,"xgb","gpr","lm"
2022-06-29,10,"gru","gpr","lm"
2022-06-29,11,"gru","rf","gbm"
2022-06-29,12,"rf","gru","gbm"
2022-06-29,13,"gru","gbm","rf"
2022-06-29,14,"gbm","gru","rf"
2022-06-30,0,"rf","gpr","lm"
2022-06-30,1,"rf","gpr","gbm"
2022-06-30,2,"gpr","arima","garch"
2022-06-30,3,"arima","garch","gpr"
2022-06-30,4,"gpr","arima","garch"
2022-06-30,5,"gru","xgb","gam"
2022-06-30,6,"gpr","lm","garch"
2022-06-30,7,"xgb","gpr","lm"
2022-06-30,8,"gpr","xgb","lm"
2022-06-30,9,"gpr","xgb","gru"
2022-06-30,10,"gru","gpr","lm"
2022-06-30,11,"gru","rf","gpr"
2022-06-30,12,"rf","gbm","gru"
2022-06-30,13,"gbm","rf","gru"
2022-06-30,14,"gbm","gru","rf"
2022-07-01,0,"gpr","lm","arima"
2022-07-01,1,"gru","gbm","gpr"
2022-07-01,2,"gbm","gpr","garch"
2022-07-01,3,"gpr","arima","garch"
2022-07-01,4,"gpr","gru","garch"
2022-07-01,5,"gru","xgb","gam"
2022-07-01,6,"gpr","gru","lm"
2022-07-01,7,"gpr","xgb","lm"
2022-07-01,8,"gru","xgb","gpr"
2022-07-01,9,"gpr","gru","lm"
2022-07-01,10,"gru","gpr","lm"
2022-07-01,11,"rf","gru","gpr"
2022-07-01,12,"rf","gbm","gpr"
2022-07-01,13,"rf","gbm","gpr"
2022-07-01,14,"gbm","rf","gpr"
2022-07-02,0,"svr","gpr","lm"
2022-07-02,1,"gbm","rf","garch"
2022-07-02,2,"gpr","garch","arima"
2022-07-02,3,"gpr","arima","garch"
2022-07-02,4,"gpr","garch","arima"
2022-07-02,5,"gru","xgb","gam"
2022-07-02,6,"gpr","lm","gam"
2022-07-02,7,"gpr","xgb","lm"
2022-07-02,8,"gru","xgb","gpr"
2022-07-02,9,"gpr","lm","gru"
2022-07-02,10,"gru","gpr","lm"
2022-07-02,11,"gpr","gru","lm"
2022-07-02,12,"rf","gpr","lm"
2022-07-02,13,"rf","gbm","gpr"
2022-07-02,14,"gbm","rf","gpr"
2022-07-03,0,"svr","rf","gpr"
2022-07-03,1,"gbm","rf","svr"
2022-07-03,2,"gbm","rf","garch"
2022-07-03,3,"gpr","arima","garch"
2022-07-03,4,"gpr","garch","arima"
2022-07-03,5,"gru","gam","arima"
2022-07-03,6,"gpr","lm","garch"
2022-07-03,7,"gpr","xgb","lm"
2022-07-03,8,"gpr","gru","xgb"
2022-07-03,9,"gpr","lm","arima"
2022-07-03,10,"gpr","lm","gam"
2022-07-03,11,"gpr","lm","gru"
2022-07-03,12,"gpr","rf","lm"
2022-07-03,13,"rf","gbm","gpr"
2022-07-03,14,"rf","gbm","gpr"
2022-07-04,0,"rf","gbm","svr"
2022-07-04,1,"rf","gbm","svr"
2022-07-04,2,"gbm","rf","svr"
2022-07-04,3,"gbm","svr","garch"
2022-07-04,4,"garch","arima","svr"
2022-07-04,5,"garch","arima","lm"
2022-07-04,6,"lm","arima","garch"
2022-07-04,7,"xgb","lm","gam"
2022-07-04,8,"xgb","gpr","lm"
2022-07-04,9,"gpr","lm","arima"
2022-07-04,10,"arima","garch","lm"
2022-07-04,11,"gpr","lm","arima"
2022-07-04,12,"lm","gpr","arima"
2022-07-04,13,"gpr","lm","gam"
2022-07-04,14,"rf","gpr","lm"
2022-07-05,0,"xgb","svr","gbm"
2022-07-05,1,"rf","gbm","gru"
2022-07-05,2,"gbm","rf","svr"
2022-07-05,3,"gbm","rf","svr"
2022-07-05,4,"svr","arima","garch"
2022-07-05,5,"svr","garch","lm"
2022-07-05,6,"svr","arima","lm"
2022-07-05,7,"svr","garch","lm"
2022-07-05,8,"xgb","svr","lm"
2022-07-05,9,"xgb","svr","lm"
2022-07-05,10,"garch","arima","xgb"
2022-07-05,11,"garch","gru","arima"
2022-07-05,12,"arima","garch","lm"
2022-07-05,13,"gam","lm","arima"
2022-07-05,14,"gru","gam","lm"
2022-07-06,0,"gbm","rf","xgb"
2022-07-06,1,"rf","gbm","gru"
2022-07-06,2,"gbm","rf","xgb"
2022-07-06,3,"gbm","rf","svr"
2022-07-06,4,"svr","arima","garch"
2022-07-06,5,"svr","garch","arima"
2022-07-06,6,"svr","arima","lm"
2022-07-06,7,"svr","garch","lm"
2022-07-06,8,"xgb","svr","lm"
2022-07-06,9,"xgb","svr","lm"
2022-07-06,10,"svr","garch","arima"
2022-07-06,11,"garch","gru","arima"
2022-07-06,12,"arima","garch","lm"
2022-07-06,13,"gam","arima","lm"
2022-07-06,14,"gam","lm","gpr"
2022-07-07,0,"xgb","svr","gru"
2022-07-07,1,"gru","rf","gbm"
2022-07-07,2,"gbm","rf","xgb"
2022-07-07,3,"gbm","rf","svr"
2022-07-07,4,"svr","arima","garch"
2022-07-07,5,"svr","garch","lm"
2022-07-07,6,"svr","lm","arima"
2022-07-07,7,"svr","garch","lm"
2022-07-07,8,"xgb","svr","lm"
2022-07-07,9,"svr","xgb","garch"
2022-07-07,10,"garch","svr","arima"
2022-07-07,11,"garch","arima","gam"
2022-07-07,12,"garch","arima","lm"
2022-07-07,13,"gam","lm","arima"
2022-07-07,14,"gam","lm","gpr"
2022-07-08,0,"xgb","svr","gbm"
2022-07-08,1,"gru","gbm","rf"
2022-07-08,2,"gbm","rf","xgb"
2022-07-08,3,"gbm","rf","svr"
2022-07-08,4,"svr","arima","garch"
2022-07-08,5,"svr","garch","arima"
2022-07-08,6,"svr","lm","arima"
2022-07-08,7,"svr","garch","lm"
2022-07-08,8,"svr","xgb","lm"
2022-07-08,9,"svr","garch","gam"
2022-07-08,10,"svr","garch","arima"
2022-07-08,11,"garch","arima","svr"
2022-07-08,12,"garch","arima","lm"
2022-07-08,13,"gam","lm","arima"
2022-07-08,14,"gam","lm","gpr"
2022-07-09,0,"svr","xgb","gpr"
2022-07-09,1,"gru","gbm","rf"
2022-07-09,2,"xgb","gbm","rf"
2022-07-09,3,"gbm","rf","xgb"
2022-07-09,4,"garch","arima","svr"
2022-07-09,5,"svr","garch","arima"
2022-07-09,6,"svr","lm","arima"
2022-07-09,7,"svr","garch","lm"
2022-07-09,8,"svr","xgb","lm"
2022-07-09,9,"garch","svr","gam"
2022-07-09,10,"garch","arima","svr"
2022-07-09,11,"garch","arima","svr"
2022-07-09,12,"garch","arima","gam"
2022-07-09,13,"gam","lm","arima"
2022-07-09,14,"gam","lm","gpr"
2022-07-10,0,"svr","gru","gpr"
2022-07-10,1,"gru","xgb","gbm"
2022-07-10,2,"xgb","gru","svr"
2022-07-10,3,"xgb","gru","rf"
2022-07-10,4,"rf","gru","garch"
2022-07-10,5,"garch","arima","gpr"
2022-07-10,6,"svr","lm","garch"
2022-07-10,7,"svr","garch","lm"
2022-07-10,8,"svr","lm","xgb"
2022-07-10,9,"gam","garch","lm"
2022-07-10,10,"garch","arima","gam"
2022-07-10,11,"garch","arima","gru"
2022-07-10,12,"garch","arima","gam"
2022-07-10,13,"gam","lm","arima"
2022-07-10,14,"gam","lm","gpr"
2022-07-11,0,"gru","gam","gpr"
2022-07-11,1,"gru","xgb","gpr"
2022-07-11,2,"xgb","gru","gpr"
2022-07-11,3,"gru","xgb","gpr"
2022-07-11,4,"gru","xgb","gpr"
2022-07-11,5,"rf","gru","gpr"
2022-07-11,6,"gpr","garch","lm"
2022-07-11,7,"garch","gpr","lm"
2022-07-11,8,"gpr","lm","garch"
2022-07-11,9,"garch","gam","lm"
2022-07-11,10,"garch","arima","gam"
2022-07-11,11,"gru","garch","arima"
2022-07-11,12,"garch","arima","gam"
2022-07-11,13,"gam","lm","arima"
2022-07-11,14,"gam","lm","gpr"
2022-07-12,0,"gru","gpr","gam"
2022-07-12,1,"gru","gpr","gam"
2022-07-12,2,"gru","xgb","gpr"
2022-07-12,3,"gru","xgb","gpr"
2022-07-12,4,"gru","xgb","gpr"
2022-07-12,5,"gru","rf","gpr"
2022-07-12,6,"rf","gru","gpr"
2022-07-12,7,"gpr","arima","garch"
2022-07-12,8,"gpr","gru","lm"
2022-07-12,9,"gpr","gru","arima"
2022-07-12,10,"gam","arima","gpr"
2022-07-12,11,"arima","garch","gpr"
2022-07-12,12,"gam","lm","gpr"
2022-07-12,13,"lm","gam","gpr"
2022-07-12,14,"rf","lm","gpr"
2022-07-13,0,"gru","gam","lm"
2022-07-13,1,"gru","gpr","xgb"
2022-07-13,2,"gru","xgb","gpr"
2022-07-13,3,"gru","xgb","gpr"
2022-07-13,4,"gru","xgb","gpr"
2022-07-13,5,"gru","gpr","rf"
2022-07-13,6,"gru","rf","gpr"
2022-07-13,7,"rf","gru","gpr"
2022-07-13,8,"rf","gpr","garch"
2022-07-13,9,"gpr","gru","arima"
2022-07-13,10,"gpr","arima","lm"
2022-07-13,11,"rf","arima","garch"
2022-07-13,12,"lm","gam","gpr"
2022-07-13,13,"gam","lm","rf"
2022-07-13,14,"rf","gbm","lm"
2022-07-14,0,"garch","gam","arima"
2022-07-14,1,"gam","gru","arima"
2022-07-14,2,"gru","gpr","arima"
2022-07-14,3,"gru","xgb","gpr"
2022-07-14,4,"gru","xgb","gpr"
2022-07-14,5,"gru","gpr","garch"
2022-07-14,6,"gru","gpr","lm"
2022-07-14,7,"gru","rf","gpr"
2022-07-14,8,"rf","gru","gpr"
2022-07-14,9,"rf","gpr","garch"
2022-07-14,10,"gpr","arima","lm"
2022-07-14,11,"gpr","arima","garch"
2022-07-14,12,"lm","gpr","gam"
2022-07-14,13,"lm","gpr","gam"
2022-07-14,14,"gpr","gam","rf"
2022-07-15,0,"garch","arima","lm"
2022-07-15,1,"gru","gam","garch"
2022-07-15,2,"gpr","lm","arima"
2022-07-15,3,"gru","gpr","arima"
2022-07-15,4,"gru","xgb","gpr"
2022-07-15,5,"gru","gpr","garch"
2022-07-15,6,"gru","gpr","lm"
2022-07-15,7,"gru","gpr","rf"
2022-07-15,8,"gru","rf","gpr"
2022-07-15,9,"rf","gru","gbm"
2022-07-15,10,"gpr","garch","arima"
2022-07-15,11,"gpr","arima","garch"
2022-07-15,12,"gpr","lm","garch"
2022-07-15,13,"lm","gpr","gam"
2022-07-15,14,"gpr","gam","lm"
2022-07-16,0,"garch","arima","lm"
2022-07-16,1,"gru","garch","gam"
2022-07-16,2,"gam","garch","gru"
2022-07-16,3,"gam","arima","gpr"
2022-07-16,4,"gru","xgb","gpr"
2022-07-16,5,"gru","gpr","garch"
2022-07-16,6,"gru","gpr","lm"
2022-07-16,7,"gru","gpr","lm"
2022-07-16,8,"gru","rf","gpr"
2022-07-16,9,"gru","rf","gbm"
2022-07-16,10,"gru","rf","gpr"
2022-07-16,11,"gpr","garch","arima"
2022-07-16,12,"gpr","lm","garch"
2022-07-16,13,"gpr","lm","gam"
2022-07-16,14,"gpr","gam","lm"
2022-07-17,0,"garch","arima","lm"
2022-07-17,1,"gru","garch","gam"
2022-07-17,2,"garch","gam","lm"
2022-07-17,3,"gam","arima","garch"
2022-07-17,4,"gpr","lm","gam"
2022-07-17,5,"gru","gpr","lm"
2022-07-17,6,"gru","gpr","lm"
2022-07-17,7,"gru","gpr","lm"
2022-07-17,8,"gru","gpr","rf"
2022-07-17,9,"gru","rf","gpr"
2022-07-17,10,"gru","rf","gpr"
2022-07-17,11,"gru","rf","gpr"
2022-07-17,12,"gpr","garch","lm"
2022-07-17,13,"gpr","lm","arima"
2022-07-17,14,"gpr","lm","gam"
2022-07-18,0,"garch","lm","arima"
2022-07-18,1,"gru","garch","lm"
2022-07-18,2,"garch","lm","arima"
2022-07-18,3,"gam","garch","gru"
2022-07-18,4,"gam","arima","garch"
2022-07-18,5,"gpr","gru","lm"
2022-07-18,6,"gru","xgb","gpr"
2022-07-18,7,"gru","gpr","xgb"
2022-07-18,8,"gru","gpr","lm"
2022-07-18,9,"gru","gpr","rf"
2022-07-18,10,"gru","rf","gpr"
2022-07-18,11,"gru","rf","gpr"
2022-07-18,12,"gru","rf","gpr"
2022-07-18,13,"gpr","lm","garch"
2022-07-18,14,"gpr","lm","gam"
2022-07-19,0,"lm","arima","garch"
2022-07-19,1,"gru","gpr","garch"
2022-07-19,2,"gpr","gru","lm"
2022-07-19,3,"gru","garch","arima"
2022-07-19,4,"arima","garch","gpr"
2022-07-19,5,"garch","arima","gpr"
2022-07-19,6,"gpr","gru","lm"
2022-07-19,7,"gru","xgb","gpr"
2022-07-19,8,"gru","xgb","gpr"
2022-07-19,9,"gru","gpr","gbm"
2022-07-19,10,"gru","gpr","rf"
2022-07-19,11,"gru","gpr","rf"
2022-07-19,12,"gru","gpr","rf"
2022-07-19,13,"gpr","rf","gbm"
2022-07-19,14,"gpr","lm","garch"
2022-07-20,0,"garch","lm","arima"
2022-07-20,1,"gru","gpr","garch"
2022-07-20,2,"gru","gpr","lm"
2022-07-20,3,"gru","gpr","garch"
2022-07-20,4,"gpr","arima","garch"
2022-07-20,5,"gru","garch","gpr"
2022-07-20,6,"gpr","arima","lm"
2022-07-20,7,"gru","gpr","lm"
2022-07-20,8,"gru","xgb","gpr"
2022-07-20,9,"gru","gbm","gpr"
2022-07-20,10,"gru","gpr","rf"
2022-07-20,11,"gru","gpr","rf"
2022-07-20,12,"gru","gpr","rf"
2022-07-20,13,"gpr","gbm","rf"
2022-07-20,14,"gpr","rf","gbm"
2022-07-21,0,"garch","gam","lm"
2022-07-21,1,"garch","arima","lm"
2022-07-21,2,"garch","gpr","arima"
2022-07-21,3,"gpr","arima","garch"
2022-07-21,4,"arima","garch","gpr"
2022-07-21,5,"garch","gpr","arima"
2022-07-21,6,"xgb","gpr","arima"
2022-07-21,7,"gru","gpr","xgb"
2022-07-21,8,"gru","gpr","lm"
2022-07-21,9,"gru","gpr","gbm"
2022-07-21,10,"gru","gpr","gbm"
2022-07-21,11,"gru","gpr","gbm"
2022-07-21,12,"gru","gpr","gbm"
2022-07-21,13,"gpr","lm","gbm"
2022-07-21,14,"gbm","gpr","rf"
2022-07-22,0,"gam","garch","lm"
2022-07-22,1,"garch","gam","lm"
2022-07-22,2,"garch","xgb","arima"
2022-07-22,3,"arima","garch","lm"
2022-07-22,4,"arima","garch","gpr"
2022-07-22,5,"garch","gpr","arima"
2022-07-22,6,"arima","garch","gpr"
2022-07-22,7,"gru","gpr","arima"
2022-07-22,8,"gpr","gru","lm"
2022-07-22,9,"gpr","gru","lm"
2022-07-22,10,"gru","gpr","gbm"
2022-07-22,11,"gru","gbm","gpr"
2022-07-22,12,"gru","gpr","gbm"
2022-07-22,13,"gpr","gbm","lm"
2022-07-22,14,"gpr","gbm","rf"
2022-07-23,0,"gam","garch","lm"
2022-07-23,1,"garch","gam","lm"
2022-07-23,2,"xgb","garch","arima"
2022-07-23,3,"garch","arima","lm"
2022-07-23,4,"arima","garch","lm"
2022-07-23,5,"garch","arima","gpr"
2022-07-23,6,"arima","garch","gam"
2022-07-23,7,"gam","gpr","garch"
2022-07-23,8,"gpr","garch","gru"
2022-07-23,9,"gpr","lm","garch"
2022-07-23,10,"gpr","gru","lm"
2022-07-23,11,"gru","gbm","gpr"
2022-07-23,12,"gru","gbm","gpr"
2022-07-23,13,"gpr","gbm","lm"
2022-07-23,14,"gpr","gbm","lm"
2022-07-24,0,"garch","gam","lm"
2022-07-24,1,"garch","lm","arima"
2022-07-24,2,"xgb","garch","arima"
2022-07-24,3,"garch","arima","lm"
2022-07-24,4,"arima","garch","lm"
2022-07-24,5,"garch","arima","gpr"
2022-07-24,6,"gam","gpr","lm"
2022-07-24,7,"gam","gpr","garch"
2022-07-24,8,"garch","gpr","arima"
2022-07-24,9,"garch","gpr","arima"
2022-07-24,10,"gpr","lm","garch"
2022-07-24,11,"gpr","gru","lm"
2022-07-24,12,"gru","gbm","gpr"
2022-07-24,13,"gru","gpr","gbm"
2022-07-24,14,"gbm","gru","gpr"
2022-07-25,0,"gam","garch","arima"
2022-07-25,1,"gam","garch","arima"
2022-07-25,2,"xgb","garch","arima"
2022-07-25,3,"garch","lm","arima"
2022-07-25,4,"arima","garch","gam"
2022-07-25,5,"garch","gam","arima"
2022-07-25,6,"arima","garch","gam"
2022-07-25,7,"gam","garch","gpr"
2022-07-25,8,"arima","garch","gpr"
2022-07-25,9,"garch","gpr","lm"
2022-07-25,10,"arima","garch","gpr"
2022-07-25,11,"gpr","garch","lm"
2022-07-25,12,"gpr","gru","lm"
2022-07-25,13,"gru","gbm","gpr"
2022-07-25,14,"gru","gbm","gpr"
2022-07-26,0,"gam","garch","arima"
2022-07-26,1,"gam","garch","lm"
2022-07-26,2,"xgb","gam","garch"
2022-07-26,3,"garch","gam","arima"
2022-07-26,4,"arima","garch","gam"
2022-07-26,5,"garch","arima","gam"
2022-07-26,6,"arima","garch","gam"
2022-07-26,7,"gam","garch","gpr"
2022-07-26,8,"arima","garch","gpr"
2022-07-26,9,"garch","gpr","lm"
2022-07-26,10,"arima","gpr","garch"
2022-07-26,11,"gpr","garch","gru"
2022-07-26,12,"gru","gpr","garch"
2022-07-26,13,"gpr","lm","gru"
2022-07-26,14,"gru","gbm","gpr"
2022-07-27,0,"gam","garch","arima"
2022-07-27,1,"gam","garch","xgb"
2022-07-27,2,"xgb","gam","garch"
2022-07-27,3,"gam","garch","arima"
2022-07-27,4,"gam","arima","garch"
2022-07-27,5,"garch","gam","arima"
2022-07-27,6,"arima","gam","garch"
2022-07-27,7,"gam","garch","gpr"
2022-07-27,8,"arima","garch","gpr"
2022-07-27,9,"garch","gpr","lm"
2022-07-27,10,"arima","gpr","garch"
2022-07-27,11,"gpr","garch","lm"
2022-07-27,12,"gpr","gru","garch"
2022-07-27,13,"gpr","lm","gru"
2022-07-27,14,"gru","gpr","lm"
2022-07-28,0,"gam","garch","arima"
2022-07-28,1,"xgb","gam","garch"
2022-07-28,2,"xgb","gam","garch"
2022-07-28,3,"gam","xgb","garch"
2022-07-28,4,"gam","arima","garch"
2022-07-28,5,"garch","gam","arima"
2022-07-28,6,"gam","arima","garch"
2022-07-28,7,"gam","arima","garch"
2022-07-28,8,"arima","garch","gam"
2022-07-28,9,"garch","arima","gpr"
2022-07-28,10,"garch","arima","gpr"
2022-07-28,11,"garch","gpr","arima"
2022-07-28,12,"gpr","garch","lm"
2022-07-28,13,"gpr","lm","garch"
2022-07-28,14,"gru","gpr","lm"
2022-07-29,0,"gam","xgb","garch"
2022-07-29,1,"xgb","gam","garch"
2022-07-29,2,"xgb","gam","garch"
2022-07-29,3,"gam","xgb","svr"
2022-07-29,4,"gam","arima","garch"
2022-07-29,5,"garch","gam","arima"
2022-07-29,6,"gam","arima","garch"
2022-07-29,7,"gam","garch","arima"
2022-07-29,8,"arima","garch","gam"
2022-07-29,9,"garch","arima","gpr"
2022-07-29,10,"arima","garch","gpr"
2022-07-29,11,"garch","gpr","arima"
2022-07-29,12,"garch","arima","gpr"
2022-07-29,13,"gpr","lm","garch"
2022-07-29,14,"gpr","gru","lm"
2022-07-30,0,"gam","xgb","svr"
2022-07-30,1,"xgb","gam","svr"
2022-07-30,2,"xgb","gam","svr"
2022-07-30,3,"xgb","gam","svr"
2022-07-30,4,"gam","svr","arima"
2022-07-30,5,"garch","gam","arima"
2022-07-30,6,"gam","arima","garch"
2022-07-30,7,"gam","arima","garch"
2022-07-30,8,"arima","garch","gam"
2022-07-30,9,"garch","arima","gpr"
2022-07-30,10,"garch","arima","gpr"
2022-07-30,11,"garch","arima","gpr"
2022-07-30,12,"garch","gpr","arima"
2022-07-30,13,"gpr","lm","garch"
2022-07-30,14,"gpr","lm","gru"
2022-07-31,0,"xgb","gam","garch"
2022-07-31,1,"xgb","gam","garch"
2022-07-31,2,"xgb","gam","svr"
2022-07-31,3,"xgb","gam","svr"
2022-07-31,4,"gam","svr","garch"
2022-07-31,5,"garch","gam","arima"
2022-07-31,6,"gam","arima","garch"
2022-07-31,7,"gam","arima","garch"
2022-07-31,8,"arima","garch","gam"
2022-07-31,9,"arima","garch","gpr"
2022-07-31,10,"garch","arima","gpr"
2022-07-31,11,"garch","arima","gpr"
2022-07-31,12,"garch","gpr","arima"
2022-07-31,13,"gpr","lm","garch"
2022-07-31,14,"gpr","lm","gru"
2022-08-01,0,"xgb","gam","svr"
2022-08-01,1,"xgb","gam","garch"
2022-08-01,2,"xgb","gam","svr"
2022-08-01,3,"xgb","svr","gam"
2022-08-01,4,"gam","svr","garch"
2022-08-01,5,"garch","gam","arima"
2022-08-01,6,"gam","arima","garch"
2022-08-01,7,"gam","arima","garch"
2022-08-01,8,"arima","garch","gam"
2022-08-01,9,"arima","garch","gpr"
2022-08-01,10,"garch","arima","gpr"
2022-08-01,11,"garch","arima","gpr"
2022-08-01,12,"garch","gpr","arima"
2022-08-01,13,"gpr","lm","garch"
2022-08-01,14,"gpr","lm","garch"
2022-08-02,0,"svr","gam","garch"
2022-08-02,1,"xgb","svr","gam"
2022-08-02,2,"xgb","gam","garch"
2022-08-02,3,"xgb","svr","gam"
2022-08-02,4,"gam","svr","xgb"
2022-08-02,5,"garch","gam","arima"
2022-08-02,6,"gam","arima","garch"
2022-08-02,7,"gam","arima","garch"
2022-08-02,8,"arima","garch","gam"
2022-08-02,9,"arima","garch","gpr"
2022-08-02,10,"garch","arima","gpr"
2022-08-02,11,"arima","garch","gpr"
2022-08-02,12,"garch","gpr","arima"
2022-08-02,13,"gpr","lm","garch"
2022-08-02,14,"gpr","lm","garch"
2022-08-03,0,"svr","gam","garch"
2022-08-03,1,"xgb","svr","garch"
2022-08-03,2,"xgb","gam","svr"
2022-08-03,3,"xgb","svr","gam"
2022-08-03,4,"svr","gam","xgb"
2022-08-03,5,"garch","arima","lm"
2022-08-03,6,"gam","garch","arima"
2022-08-03,7,"gam","arima","garch"
2022-08-03,8,"arima","garch","gam"
2022-08-03,9,"arima","garch","gpr"
2022-08-03,10,"garch","arima","gpr"
2022-08-03,11,"arima","garch","gpr"
2022-08-03,12,"garch","arima","gpr"
2022-08-03,13,"gpr","lm","garch"
2022-08-03,14,"gpr","lm","garch"
2022-08-04,0,"svr","rf","gbm"
2022-08-04,1,"xgb","svr","rf"
2022-08-04,2,"xgb","garch","svr"
2022-08-04,3,"xgb","svr","gam"
2022-08-04,4,"xgb","svr","gam"
2022-08-04,5,"garch","lm","gpr"
2022-08-04,6,"gam","garch","arima"
2022-08-04,7,"gam","garch","arima"
2022-08-04,8,"xgb","arima","garch"
2022-08-04,9,"arima","garch","gam"
2022-08-04,10,"arima","garch","gpr"
2022-08-04,11,"garch","arima","gpr"
2022-08-04,12,"garch","arima","gpr"
2022-08-04,13,"gpr","garch","lm"
2022-08-04,14,"gpr","garch","lm"
2022-08-05,0,"gbm","rf","svr"
2022-08-05,1,"xgb","rf","gbm"
2022-08-05,2,"gbm","xgb","svr"
2022-08-05,3,"xgb","gru","garch"
2022-08-05,4,"xgb","svr","gam"
2022-08-05,5,"xgb","gpr","garch"
2022-08-05,6,"garch","gam","arima"
2022-08-05,7,"arima","garch","gam"
2022-08-05,8,"gam","garch","lm"
2022-08-05,9,"arima","garch","gam"
2022-08-05,10,"garch","arima","gpr"
2022-08-05,11,"arima","garch","gpr"
2022-08-05,12,"garch","arima","gpr"
2022-08-05,13,"garch","arima","gpr"
2022-08-05,14,"gpr","garch","lm"
2022-08-06,0,"gbm","rf","svr"
2022-08-06,1,"rf","xgb","gbm"
2022-08-06,2,"gbm","rf","garch"
2022-08-06,3,"gpr","gru","gbm"
2022-08-06,4,"xgb","arima","gpr"
2022-08-06,5,"svr","gpr","xgb"
2022-08-06,6,"xgb","garch","gpr"
2022-08-06,7,"garch","lm","gpr"
2022-08-06,8,"gpr","garch","lm"
2022-08-06,9,"gam","garch","lm"
2022-08-06,10,"arima","garch","gpr"
2022-08-06,11,"garch","arima","gpr"
2022-08-06,12,"garch","arima","gpr"
2022-08-06,13,"gpr","garch","lm"
2022-08-06,14,"gpr","garch","lm"
2022-08-07,0,"gbm","rf","svr"
2022-08-07,1,"xgb","rf","gbm"
2022-08-07,2,"gbm","rf","garch"
2022-08-07,3,"gbm","gru","gpr"
2022-08-07,4,"xgb","gpr","lm"
2022-08-07,5,"xgb","svr","gpr"
2022-08-07,6,"svr","gpr","xgb"
2022-08-07,7,"gpr","svr","lm"
2022-08-07,8,"gpr","xgb","gru"
2022-08-07,9,"gam","gpr","svr"
2022-08-07,10,"svr","gpr","lm"
2022-08-07,11,"xgb","arima","garch"
2022-08-07,12,"garch","arima","gpr"
2022-08-07,13,"gpr","lm","garch"
2022-08-07,14,"gpr","garch","lm"
2022-08-08,0,"gbm","svr","rf"
2022-08-08,1,"xgb","rf","gbm"
2022-08-08,2,"gbm","xgb","rf"
2022-08-08,3,"gru","gbm","gpr"
2022-08-08,4,"gpr","gbm","gru"
2022-08-08,5,"svr","gru","gpr"
2022-08-08,6,"svr","gpr","xgb"
2022-08-08,7,"svr","gpr","lm"
2022-08-08,8,"gru","xgb","svr"
2022-08-08,9,"svr","gpr","gam"
2022-08-08,10,"svr","xgb","gpr"
2022-08-08,11,"svr","gam","xgb"
2022-08-08,12,"gpr","lm","arima"
2022-08-08,13,"gpr","lm","garch"
2022-08-08,14,"gpr","garch","arima"
2022-08-09,0,"gbm","gam","rf"
2022-08-09,1,"xgb","rf","gbm"
2022-08-09,2,"gbm","garch","svr"
2022-08-09,3,"gru","gbm","xgb"
2022-08-09,4,"gpr","xgb","gru"
2022-08-09,5,"svr","gru","gpr"
2022-08-09,6,"svr","gpr","xgb"
2022-08-09,7,"svr","gru","gpr"
2022-08-09,8,"gru","xgb","svr"
2022-08-09,9,"svr","gpr","xgb"
2022-08-09,10,"xgb","svr","gpr"
2022-08-09,11,"xgb","svr","gam"
2022-08-09,12,"gam","svr","gpr"
2022-08-09,13,"gpr","lm","gam"
2022-08-09,14,"gru","gpr","xgb"
2022-08-10,0,"rf","gbm","gam"
2022-08-10,1,"rf","gbm","xgb"
2022-08-10,2,"gbm","xgb","garch"
2022-08-10,3,"xgb","gru","gbm"
2022-08-10,4,"xgb","garch","gru"
2022-08-10,5,"svr","gam","arima"
2022-08-10,6,"svr","gpr","lm"
2022-08-10,7,"svr","gpr","gru"
2022-08-10,8,"gru","xgb","svr"
2022-08-10,9,"svr","gpr","gru"
2022-08-10,10,"xgb","svr","gru"
2022-08-10,11,"xgb","gru","svr"
2022-08-10,12,"svr","gam","gpr"
2022-08-10,13,"xgb","svr","gpr"
2022-08-10,14,"gru","gpr","xgb"
2022-08-11,0,"arima","garch","lm"
2022-08-11,1,"rf","xgb","gru"
2022-08-11,2,"gbm","xgb","garch"
2022-08-11,3,"gru","gpr","arima"
2022-08-11,4,"gru","xgb","garch"
2022-08-11,5,"svr","gam","arima"
2022-08-11,6,"svr","gpr","gru"
2022-08-11,7,"gbm","gru","svr"
2022-08-11,8,"gru","rf","xgb"
2022-08-11,9,"rf","gbm","gru"
2022-08-11,10,"gbm","rf","gru"
2022-08-11,11,"gru","xgb","gbm"
2022-08-11,12,"svr","gam","gpr"
2022-08-11,13,"xgb","svr","gru"
2022-08-11,14,"lm","gpr","svr"
2022-08-12,0,"gbm","rf","arima"
2022-08-12,1,"gpr","svr","arima"
2022-08-12,2,"gpr","arima","garch"
2022-08-12,3,"gpr","gru","arima"
2022-08-12,4,"xgb","gru","arima"
2022-08-12,5,"svr","gam","arima"
2022-08-12,6,"gru","xgb","svr"
2022-08-12,7,"gru","gbm","svr"
2022-08-12,8,"rf","gru","gbm"
2022-08-12,9,"rf","gru","gbm"
2022-08-12,10,"gru","gbm","rf"
2022-08-12,11,"gbm","gru","rf"
2022-08-12,12,"gru","gbm","rf"
2022-08-12,13,"gru","gbm","xgb"
2022-08-12,14,"xgb","gru","gbm"
2022-08-13,0,"gbm","rf","gam"
2022-08-13,1,"gbm","rf","gpr"
2022-08-13,2,"gpr","gbm","arima"
2022-08-13,3,"gpr","arima","gru"
2022-08-13,4,"xgb","gbm","gru"
2022-08-13,5,"svr","gam","xgb"
2022-08-13,6,"svr","xgb","gam"
2022-08-13,7,"xgb","gru","svr"
2022-08-13,8,"svr","rf","gru"
2022-08-13,9,"gru","rf","svr"
2022-08-13,10,"gru","gbm","xgb"
2022-08-13,11,"gru","gbm","rf"
2022-08-13,12,"gru","rf","gbm"
2022-08-13,13,"gru","gbm","rf"
2022-08-13,14,"gru","gbm","rf"
2022-08-14,0,"xgb","gbm","rf"
2022-08-14,1,"xgb","rf","gbm"
2022-08-14,2,"svr","gam","lm"
2022-08-14,3,"gru","gbm","arima"
2022-08-14,4,"xgb","gbm","gru"
2022-08-14,5,"xgb","svr","gam"
2022-08-14,6,"xgb","svr","lm"
2022-08-14,7,"gru","xgb","gbm"
2022-08-14,8,"svr","rf","gam"
2022-08-14,9,"gru","svr","gpr"
2022-08-14,10,"gru","gbm","xgb"
2022-08-14,11,"gbm","rf","gru"
2022-08-14,12,"rf","gbm","gru"
2022-08-14,13,"gru","gbm","rf"
2022-08-14,14,"rf","gbm","gru"
2022-08-15,0,"gbm","xgb","rf"
2022-08-15,1,"rf","gbm","xgb"
2022-08-15,2,"garch","arima","gam"
2022-08-15,3,"gru","gpr","svr"
2022-08-15,4,"xgb","gbm","rf"
2022-08-15,5,"xgb","gam","svr"
2022-08-15,6,"xgb","svr","gam"
2022-08-15,7,"xgb","gru","gbm"
2022-08-15,8,"svr","garch","gam"
2022-08-15,9,"svr","gru","gpr"
2022-08-15,10,"gru","xgb","gbm"
2022-08-15,11,"gbm","rf","gru"
2022-08-15,12,"rf","gbm","gru"
2022-08-15,13,"gru","gbm","rf"
2022-08-15,14,"rf","gbm","xgb"
2022-08-16,0,"gbm","xgb","rf"
2022-08-16,1,"rf","gbm","xgb"
2022-08-16,2,"garch","arima","lm"
2022-08-16,3,"garch","rf","arima"
2022-08-16,4,"xgb","gbm","rf"
2022-08-16,5,"xgb","gam","svr"
2022-08-16,6,"xgb","gam","svr"
2022-08-16,7,"xgb","gru","gbm"
2022-08-16,8,"garch","svr","arima"
2022-08-16,9,"svr","gpr","gam"
2022-08-16,10,"gru","xgb","gbm"
2022-08-16,11,"gbm","rf","xgb"
2022-08-16,12,"rf","gbm","gru"
2022-08-16,13,"gru","gbm","rf"
2022-08-16,14,"rf","gbm","xgb"
2022-08-17,0,"gbm","xgb","rf"
2022-08-17,1,"gbm","rf","xgb"
2022-08-17,2,"garch","arima","lm"
2022-08-17,3,"gru","rf","gbm"
2022-08-17,4,"rf","garch","arima"
2022-08-17,5,"gam","arima","garch"
2022-08-17,6,"xgb","lm","svr"
2022-08-17,7,"xgb","gru","gbm"
2022-08-17,8,"garch","arima","gam"
2022-08-17,9,"gpr","gam","lm"
2022-08-17,10,"xgb","gru","gbm"
2022-08-17,11,"gbm","gam","gpr"
2022-08-17,12,"rf","gbm","gru"
2022-08-17,13,"gru","gbm","rf"
2022-08-17,14,"rf","gbm","xgb"
2022-08-18,0,"xgb","gbm","rf"
2022-08-18,1,"gbm","garch","arima"
2022-08-18,2,"arima","garch","lm"
2022-08-18,3,"gru","lm","gpr"
2022-08-18,4,"gru","rf","xgb"
2022-08-18,5,"arima","garch","lm"
2022-08-18,6,"lm","gpr","garch"
2022-08-18,7,"gru","xgb","arima"
2022-08-18,8,"garch","arima","gpr"
2022-08-18,9,"xgb","gru","arima"
2022-08-18,10,"gru","xgb","gbm"
2022-08-18,11,"gbm","gru","rf"
2022-08-18,12,"gru","rf","gbm"
2022-08-18,13,"gru","gbm","rf"
2022-08-18,14,"gbm","rf","xgb"
2022-08-19,0,"xgb","arima","garch"
2022-08-19,1,"gru","garch","arima"
2022-08-19,2,"arima","garch","lm"
2022-08-19,3,"gru","arima","garch"
2022-08-19,4,"gru","gpr","garch"
2022-08-19,5,"gru","xgb","garch"
2022-08-19,6,"garch","arima","lm"
2022-08-19,7,"gru","arima","lm"
2022-08-19,8,"gru","xgb","garch"
2022-08-19,9,"xgb","arima","garch"
2022-08-19,10,"gbm","xgb","rf"
2022-08-19,11,"rf","gru","gbm"
2022-08-19,12,"gru","gpr","garch"
2022-08-19,13,"gru","gpr","lm"
2022-08-19,14,"gbm","rf","xgb"
2022-08-20,0,"xgb","arima","garch"
2022-08-20,1,"gru","garch","arima"
2022-08-20,2,"garch","arima","lm"
2022-08-20,3,"gru","arima","garch"
2022-08-20,4,"gru","garch","arima"
2022-08-20,5,"gru","garch","arima"
2022-08-20,6,"gru","garch","arima"
2022-08-20,7,"gru","garch","gpr"
2022-08-20,8,"lm","garch","gpr"
2022-08-20,9,"xgb","gru","rf"
2022-08-20,10,"xgb","rf","gbm"
2022-08-20,11,"rf","garch","gbm"
2022-08-20,12,"garch","arima","gpr"
2022-08-20,13,"gru","gpr","garch"
2022-08-20,14,"lm","gpr","garch"
2022-08-21,0,"garch","arima","gam"
2022-08-21,1,"gru","garch","arima"
2022-08-21,2,"gru","garch","arima"
2022-08-21,3,"gru","garch","arima"
2022-08-21,4,"gru","garch","arima"
2022-08-21,5,"gru","garch","arima"
2022-08-21,6,"gru","garch","arima"
2022-08-21,7,"gru","garch","arima"
2022-08-21,8,"garch","gru","gpr"
2022-08-21,9,"gru","arima","garch"
2022-08-21,10,"gru","xgb","rf"
2022-08-21,11,"gru","rf","garch"
2022-08-21,12,"garch","arima","gpr"
2022-08-21,13,"gru","gpr","garch"
2022-08-21,14,"garch","gpr","lm"
2022-08-22,0,"gam","garch","arima"
2022-08-22,1,"gru","garch","arima"
2022-08-22,2,"garch","gru","arima"
2022-08-22,3,"gru","garch","arima"
2022-08-22,4,"gru","garch","arima"
2022-08-22,5,"gru","garch","arima"
2022-08-22,6,"gru","garch","arima"
2022-08-22,7,"gru","gpr","lm"
2022-08-22,8,"gru","arima","garch"
2022-08-22,9,"gru","garch","arima"
2022-08-22,10,"garch","arima","gpr"
2022-08-22,11,"gru","rf","xgb"
2022-08-22,12,"gru","garch","arima"
2022-08-22,13,"garch","gpr","lm"
2022-08-22,14,"garch","arima","gpr"
2022-08-23,0,"gam","garch","arima"
2022-08-23,1,"garch","arima","gru"
2022-08-23,2,"garch","gru","arima"
2022-08-23,3,"gru","garch","arima"
2022-08-23,4,"gru","garch","arima"
2022-08-23,5,"gru","garch","arima"
2022-08-23,6,"gru","garch","arima"
2022-08-23,7,"gru","garch","gpr"
2022-08-23,8,"gru","gpr","garch"
2022-08-23,9,"gru","arima","garch"
2022-08-23,10,"garch","gru","arima"
2022-08-23,11,"gru","garch","arima"
2022-08-23,12,"gru","garch","arima"
2022-08-23,13,"garch","gpr","lm"
2022-08-23,14,"garch","arima","gpr"
2022-08-24,0,"gam","garch","arima"
2022-08-24,1,"garch","arima","gru"
2022-08-24,2,"garch","arima","gru"
2022-08-24,3,"gru","garch","arima"
2022-08-24,4,"gru","garch","arima"
2022-08-24,5,"gru","garch","arima"
2022-08-24,6,"gru","garch","arima"
2022-08-24,7,"gru","garch","arima"
2022-08-24,8,"gru","garch","gpr"
2022-08-24,9,"gru","gpr","garch"
2022-08-24,10,"gru","garch","arima"
2022-08-24,11,"gru","garch","arima"
2022-08-24,12,"garch","gru","arima"
2022-08-24,13,"gru","gpr","garch"
2022-08-24,14,"garch","arima","gpr"
2022-08-25,0,"arima","garch","gbm"
2022-08-25,1,"gbm","garch","rf"
2022-08-25,2,"garch","arima","lm"
2022-08-25,3,"garch","arima","gru"
2022-08-25,4,"garch","arima","xgb"
2022-08-25,5,"gru","garch","lm"
2022-08-25,6,"gru","garch","arima"
2022-08-25,7,"gru","garch","lm"
2022-08-25,8,"gru","garch","arima"
2022-08-25,9,"gru","garch","gpr"
2022-08-25,10,"gru","gpr","lm"
2022-08-25,11,"gru","arima","garch"
2022-08-25,12,"garch","gru","gpr"
2022-08-25,13,"gpr","lm","garch"
2022-08-25,14,"gru","garch","gpr"
2022-08-26,0,"arima","garch","lm"
2022-08-26,1,"rf","gbm","xgb"
2022-08-26,2,"xgb","gbm","rf"
2022-08-26,3,"xgb","gbm","garch"
2022-08-26,4,"xgb","gbm","garch"
2022-08-26,5,"garch","arima","gam"
2022-08-26,6,"gru","lm","garch"
2022-08-26,7,"gru","lm","garch"
2022-08-26,8,"gru","garch","lm"
2022-08-26,9,"gru","garch","arima"
2022-08-26,10,"gru","gpr","lm"
2022-08-26,11,"gru","arima","gpr"
2022-08-26,12,"gru","garch","arima"
2022-08-26,13,"garch","gpr","arima"
2022-08-26,14,"gpr","lm","garch"
2022-08-27,0,"gbm","gru","rf"
2022-08-27,1,"gbm","rf","gru"
2022-08-27,2,"gbm","garch","arima"
2022-08-27,3,"xgb","garch","arima"
2022-08-27,4,"garch","arima","lm"
2022-08-27,5,"garch","arima","gam"
2022-08-27,6,"lm","gam","garch"
2022-08-27,7,"gru","lm","arima"
2022-08-27,8,"gru","garch","lm"
2022-08-27,9,"gru","garch","arima"
2022-08-27,10,"gru","gpr","lm"
2022-08-27,11,"gru","arima","garch"
2022-08-27,12,"gru","garch","arima"
2022-08-27,13,"gpr","garch","arima"
2022-08-27,14,"gru","gpr","garch"
2022-08-28,0,"gru","gbm","gpr"
2022-08-28,1,"gbm","gru","rf"
2022-08-28,2,"arima","garch","lm"
2022-08-28,3,"garch","arima","gam"
2022-08-28,4,"garch","arima","lm"
2022-08-28,5,"garch","arima","gam"
2022-08-28,6,"garch","lm","gam"
2022-08-28,7,"gru","gam","lm"
2022-08-28,8,"gru","arima","lm"
2022-08-28,9,"gru","garch","arima"
2022-08-28,10,"gpr","lm","garch"
2022-08-28,11,"gru","arima","garch"
2022-08-28,12,"gru","garch","arima"
2022-08-28,13,"gpr","garch","arima"
2022-08-28,14,"gru","gpr","lm"
2022-08-29,0,"gbm","rf","gru"
2022-08-29,1,"gbm","rf","gru"
2022-08-29,2,"arima","garch","gam"
2022-08-29,3,"garch","gam","arima"
2022-08-29,4,"gru","garch","arima"
2022-08-29,5,"garch","arima","gam"
2022-08-29,6,"lm","gam","garch"
2022-08-29,7,"gru","garch","lm"
2022-08-29,8,"gru","arima","lm"
2022-08-29,9,"gru","garch","lm"
2022-08-29,10,"gru","gpr","lm"
2022-08-29,11,"gru","arima","garch"
2022-08-29,12,"gru","garch","arima"
2022-08-29,13,"garch","arima","gpr"
2022-08-29,14,"gpr","lm","garch"
2022-08-30,0,"gbm","gru","rf"
2022-08-30,1,"gbm","rf","gru"
2022-08-30,2,"garch","arima","gam"
2022-08-30,3,"arima","garch","lm"
2022-08-30,4,"gru","garch","arima"
2022-08-30,5,"garch","arima","gam"
2022-08-30,6,"lm","gam","garch"
2022-08-30,7,"gru","lm","garch"
2022-08-30,8,"gru","arima","garch"
2022-08-30,9,"garch","lm","gpr"
2022-08-30,10,"lm","gpr","gru"
2022-08-30,11,"gru","arima","gpr"
2022-08-30,12,"gru","garch","arima"
2022-08-30,13,"garch","gru","arima"
2022-08-30,14,"gpr","lm","garch"
2022-08-31,0,"gbm","gru","rf"
2022-08-31,1,"gbm","rf","gru"
2022-08-31,2,"garch","arima","gbm"
2022-08-31,3,"arima","garch","gam"
2022-08-31,4,"garch","arima","lm"
2022-08-31,5,"garch","arima","gam"
2022-08-31,6,"gam","lm","garch"
2022-08-31,7,"lm","gru","garch"
2022-08-31,8,"arima","gru","garch"
2022-08-31,9,"garch","gru","lm"
2022-08-31,10,"lm","gpr","svr"
2022-08-31,11,"gru","gpr","arima"
2022-08-31,12,"gru","garch","arima"
2022-08-31,13,"garch","arima","gru"
2022-08-31,14,"gpr","lm","garch"
2022-09-01,0,"gru","xgb","gbm"
2022-09-01,1,"gbm","gru","rf"
2022-09-01,2,"garch","arima","gam"
2022-09-01,3,"arima","garch","lm"
2022-09-01,4,"garch","arima","gpr"
2022-09-01,5,"garch","arima","gam"
2022-09-01,6,"xgb","gam","lm"
2022-09-01,7,"xgb","gam","lm"
2022-09-01,8,"rf","arima","garch"
2022-09-01,9,"rf","gbm","garch"
2022-09-01,10,"garch","lm","arima"
2022-09-01,11,"garch","lm","arima"
2022-09-01,12,"gru","arima","garch"
2022-09-01,13,"gru","garch","arima"
2022-09-01,14,"gpr","lm","garch"
2022-09-02,0,"gru","xgb","garch"
2022-09-02,1,"gru","arima","gbm"
2022-09-02,2,"garch","arima","gam"
2022-09-02,3,"arima","garch","lm"
2022-09-02,4,"gru","garch","arima"
2022-09-02,5,"garch","arima","gam"
2022-09-02,6,"xgb","gam","lm"
2022-09-02,7,"xgb","rf","gam"
2022-09-02,8,"rf","xgb","arima"
2022-09-02,9,"rf","gbm","garch"
2022-09-02,10,"rf","gbm","lm"
2022-09-02,11,"garch","arima","gru"
2022-09-02,12,"garch","arima","lm"
2022-09-02,13,"gru","garch","arima"
2022-09-02,14,"gpr","lm","garch"
2022-09-03,0,"xgb","rf","garch"
2022-09-03,1,"gru","arima","gbm"
2022-09-03,2,"garch","arima","gam"
2022-09-03,3,"garch","lm","arima"
2022-09-03,4,"gru","garch","arima"
2022-09-03,5,"garch","arima","gam"
2022-09-03,6,"gam","xgb","garch"
2022-09-03,7,"xgb","rf","gam"
2022-09-03,8,"xgb","rf","arima"
2022-09-03,9,"rf","garch","xgb"
2022-09-03,10,"rf","gbm","lm"
2022-09-03,11,"gbm","garch","arima"
2022-09-03,12,"garch","arima","lm"
2022-09-03,13,"garch","arima","lm"
2022-09-03,14,"lm","gpr","garch"
2022-09-04,0,"xgb","rf","garch"
2022-09-04,1,"arima","garch","rf"
2022-09-04,2,"xgb","garch","arima"
2022-09-04,3,"garch","arima","lm"
2022-09-04,4,"gbm","garch","arima"
2022-09-04,5,"gbm","garch","arima"
2022-09-04,6,"xgb","gbm","garch"
2022-09-04,7,"rf","garch","arima"
2022-09-04,8,"rf","xgb","arima"
2022-09-04,9,"rf","garch","lm"
2022-09-04,10,"rf","gbm","xgb"
2022-09-04,11,"gbm","garch","rf"
2022-09-04,12,"arima","garch","lm"
2022-09-04,13,"arima","garch","lm"
2022-09-04,14,"lm","gpr","arima"
2022-09-05,0,"xgb","arima","garch"
2022-09-05,1,"arima","gru","garch"
2022-09-05,2,"xgb","garch","arima"
2022-09-05,3,"garch","arima","lm"
2022-09-05,4,"garch","arima","xgb"
2022-09-05,5,"gbm","garch","arima"
2022-09-05,6,"xgb","gbm","arima"
2022-09-05,7,"rf","xgb","arima"
2022-09-05,8,"rf","arima","garch"
2022-09-05,9,"rf","xgb","arima"
2022-09-05,10,"rf","gbm","xgb"
2022-09-05,11,"gbm","rf","garch"
2022-09-05,12,"garch","lm","arima"
2022-09-05,13,"arima","lm","garch"
2022-09-05,14,"lm","garch","arima"
2022-09-06,0,"xgb","gam","svr"
2022-09-06,1,"arima","garch","lm"
2022-09-06,2,"gru","xgb","garch"
2022-09-06,3,"xgb","rf","garch"
2022-09-06,4,"rf","xgb","gbm"
2022-09-06,5,"gbm","garch","arima"
2022-09-06,6,"gbm","xgb","arima"
2022-09-06,7,"rf","xgb","gbm"
2022-09-06,8,"rf","arima","garch"
2022-09-06,9,"rf","xgb","garch"
2022-09-06,10,"rf","xgb","gbm"
2022-09-06,11,"gbm","rf","garch"
2022-09-06,12,"gbm","garch","arima"
2022-09-06,13,"arima","lm","garch"
2022-09-06,14,"lm","gpr","arima"
2022-09-07,0,"xgb","svr","gam"
2022-09-07,1,"arima","xgb","garch"
2022-09-07,2,"gam","arima","garch"
2022-09-07,3,"xgb","gru","rf"
2022-09-07,4,"rf","gbm","xgb"
2022-09-07,5,"gbm","rf","arima"
2022-09-07,6,"gbm","xgb","rf"
2022-09-07,7,"gbm","rf","xgb"
2022-09-07,8,"rf","xgb","arima"
2022-09-07,9,"rf","xgb","arima"
2022-09-07,10,"rf","xgb","gbm"
2022-09-07,11,"rf","gbm","garch"
2022-09-07,12,"gbm","rf","garch"
2022-09-07,13,"arima","garch","lm"
2022-09-07,14,"lm","gpr","garch"
2022-09-08,0,"rf","gam","svr"
2022-09-08,1,"gru","arima","garch"
2022-09-08,2,"gam","arima","garch"
2022-09-08,3,"gam","lm","garch"
2022-09-08,4,"rf","xgb","gru"
2022-09-08,5,"rf","gbm","arima"
2022-09-08,6,"gbm","rf","xgb"
2022-09-08,7,"gbm","rf","arima"
2022-09-08,8,"gbm","rf","garch"
2022-09-08,9,"garch","arima","gam"
2022-09-08,10,"rf","xgb","gbm"
2022-09-08,11,"rf","gbm","garch"
2022-09-08,12,"gbm","rf","arima"
2022-09-08,13,"arima","gbm","garch"
2022-09-08,14,"arima","lm","garch"
2022-09-09,0,"rf","gam","svr"
2022-09-09,1,"gru","rf","gpr"
2022-09-09,2,"gam","arima","garch"
2022-09-09,3,"gam","garch","lm"
2022-09-09,4,"rf","garch","arima"
2022-09-09,5,"rf","gbm","arima"
2022-09-09,6,"gbm","rf","xgb"
2022-09-09,7,"gbm","rf","arima"
2022-09-09,8,"garch","arima","gbm"
2022-09-09,9,"garch","arima","gam"
2022-09-09,10,"xgb","rf","gbm"
2022-09-09,11,"rf","gbm","arima"
2022-09-09,12,"rf","gbm","garch"
2022-09-09,13,"gbm","arima","garch"
2022-09-09,14,"arima","garch","gbm"
2022-09-10,0,"gpr","gru","lm"
2022-09-10,1,"gru","gpr","rf"
2022-09-10,2,"gam","arima","gpr"
2022-09-10,3,"gam","garch","lm"
2022-09-10,4,"rf","garch","arima"
2022-09-10,5,"rf","arima","garch"
2022-09-10,6,"gbm","rf","gru"
2022-09-10,7,"gbm","rf","arima"
2022-09-10,8,"gbm","garch","arima"
2022-09-10,9,"garch","arima","lm"
2022-09-10,10,"xgb","rf","garch"
2022-09-10,11,"rf","garch","gbm"
2022-09-10,12,"rf","gbm","arima"
2022-09-10,13,"gbm","arima","garch"
2022-09-10,14,"gbm","rf","arima"
2022-09-11,0,"gru","gpr","lm"
2022-09-11,1,"gru","rf","gpr"
2022-09-11,2,"rf","gpr","arima"
2022-09-11,3,"gam","gpr","garch"
2022-09-11,4,"xgb","gru","gbm"
2022-09-11,5,"gbm","gru","rf"
2022-09-11,6,"gbm","svr","gpr"
2022-09-11,7,"gbm","gru","xgb"
2022-09-11,8,"gbm","rf","garch"
2022-09-11,9,"arima","garch","gpr"
2022-09-11,10,"xgb","garch","arima"
2022-09-11,11,"rf","xgb","arima"
2022-09-11,12,"rf","gbm","garch"
2022-09-11,13,"arima","gbm","garch"
2022-09-11,14,"gbm","rf","garch"
2022-09-12,0,"gpr","gru","lm"
2022-09-12,1,"gru","gbm","rf"
2022-09-12,2,"gru","gpr","gbm"
2022-09-12,3,"gpr","xgb","gbm"
2022-09-12,4,"gbm","xgb","gru"
2022-09-12,5,"gru","gbm","gpr"
2022-09-12,6,"gbm","gru","svr"
2022-09-12,7,"gbm","gru","gpr"
2022-09-12,8,"gbm","gru","xgb"
2022-09-12,9,"gbm","garch","rf"
2022-09-12,10,"gbm","rf","gru"
2022-09-12,11,"rf","garch","gru"
2022-09-12,12,"rf","arima","garch"
2022-09-12,13,"garch","rf","arima"
2022-09-12,14,"rf","arima","garch"
2022-09-13,0,"svr","rf","gpr"
2022-09-13,1,"gru","gpr","gbm"
2022-09-13,2,"gru","rf","xgb"
2022-09-13,3,"xgb","gru","gpr"
2022-09-13,4,"xgb","gbm","gru"
2022-09-13,5,"gbm","gru","gpr"
2022-09-13,6,"gbm","gru","svr"
2022-09-13,7,"gbm","gru","gpr"
2022-09-13,8,"gbm","gru","rf"
2022-09-13,9,"gbm","rf","arima"
2022-09-13,10,"gbm","rf","gru"
2022-09-13,11,"rf","gru","arima"
2022-09-13,12,"rf","garch","gru"
2022-09-13,13,"garch","rf","arima"
2022-09-13,14,"xgb","rf","gru"
2022-09-14,0,"rf","svr","lm"
2022-09-14,1,"gbm","gru","gpr"
2022-09-14,2,"xgb","gru","rf"
2022-09-14,3,"xgb","gru","rf"
2022-09-14,4,"xgb","gru","gbm"
2022-09-14,5,"xgb","gbm","gru"
2022-09-14,6,"gbm","gru","svr"
2022-09-14,7,"gbm","gru","xgb"
2022-09-14,8,"gbm","gru","rf"
2022-09-14,9,"gbm","rf","gru"
2022-09-14,10,"gbm","gru","rf"
2022-09-14,11,"rf","gbm","gru"
2022-09-14,12,"rf","gru","arima"
2022-09-14,13,"garch","svr","gpr"
2022-09-14,14,"xgb","gru","arima"
2022-09-15,0,"svr","rf","lm"
2022-09-15,1,"gbm","xgb","gpr"
2022-09-15,2,"xgb","gru","rf"
2022-09-15,3,"xgb","gru","gbm"
2022-09-15,4,"xgb","gru","gbm"
2022-09-15,5,"xgb","gbm","gru"
2022-09-15,6,"gbm","gru","svr"
2022-09-15,7,"gbm","gru","gpr"
2022-09-15,8,"gbm","gru","rf"
2022-09-15,9,"gbm","gru","rf"
2022-09-15,10,"gbm","gru","rf"
2022-09-15,11,"gru","rf","gbm"
2022-09-15,12,"rf","gru","gbm"
2022-09-15,13,"gru","rf","garch"
2022-09-15,14,"gru","xgb","garch"
2022-09-16,0,"xgb","svr","lm"
2022-09-16,1,"xgb","gbm","gpr"
2022-09-16,2,"xgb","gru","gbm"
2022-09-16,3,"xgb","gru","gbm"
2022-09-16,4,"xgb","gru","gbm"
2022-09-16,5,"xgb","gbm","gru"
2022-09-16,6,"gbm","gru","svr"
2022-09-16,7,"gbm","gru","xgb"
2022-09-16,8,"gbm","gru","rf"
2022-09-16,9,"gbm","gru","rf"
2022-09-16,10,"gru","gbm","rf"
2022-09-16,11,"gru","rf","gbm"
2022-09-16,12,"gru","rf","xgb"
2022-09-16,13,"gru","rf","xgb"
2022-09-16,14,"gru","arima","garch"
2022-09-17,0,"xgb","svr","gam"
2022-09-17,1,"xgb","gpr","lm"
2022-09-17,2,"xgb","gru","gpr"
2022-09-17,3,"xgb","gru","gbm"
2022-09-17,4,"xgb","gru","gbm"
2022-09-17,5,"xgb","gbm","gru"
2022-09-17,6,"gbm","gru","xgb"
2022-09-17,7,"gbm","gru","xgb"
2022-09-17,8,"gbm","gru","rf"
2022-09-17,9,"gbm","gru","rf"
2022-09-17,10,"gru","gbm","rf"
2022-09-17,11,"gru","rf","gbm"
2022-09-17,12,"gru","rf","gbm"
2022-09-17,13,"gru","rf","xgb"
2022-09-17,14,"gru","rf","xgb"
2022-09-18,0,"xgb","svr","rf"
2022-09-18,1,"xgb","gbm","gpr"
2022-09-18,2,"xgb","rf","gru"
2022-09-18,3,"xgb","gru","gbm"
2022-09-18,4,"xgb","gbm","gru"
2022-09-18,5,"xgb","gbm","gru"
2022-09-18,6,"xgb","gbm","gru"
2022-09-18,7,"gru","gbm","xgb"
2022-09-18,8,"gbm","gru","rf"
2022-09-18,9,"gbm","gru","rf"
2022-09-18,10,"gru","gbm","rf"
2022-09-18,11,"gru","rf","gbm"
2022-09-18,12,"gru","rf","gbm"
2022-09-18,13,"gru","rf","gbm"
2022-09-18,14,"gru","rf","xgb"
2022-09-19,0,"xgb","svr","rf"
2022-09-19,1,"gbm","xgb","rf"
2022-09-19,2,"xgb","rf","gpr"
2022-09-19,3,"xgb","gbm","rf"
2022-09-19,4,"xgb","gbm","gru"
2022-09-19,5,"xgb","gbm","svr"
2022-09-19,6,"xgb","gbm","gru"
2022-09-19,7,"gru","gbm","xgb"
2022-09-19,8,"gbm","gru","xgb"
2022-09-19,9,"gbm","gru","rf"
2022-09-19,10,"gru","gbm","rf"
2022-09-19,11,"gru","rf","gbm"
2022-09-19,12,"gru","rf","gbm"
2022-09-19,13,"gru","rf","gbm"
2022-09-19,14,"gru","rf","xgb"
2022-09-20,0,"xgb","svr","gam"
2022-09-20,1,"gbm","rf","xgb"
2022-09-20,2,"gbm","rf","xgb"
2022-09-20,3,"rf","gbm","gpr"
2022-09-20,4,"gbm","xgb","gpr"
2022-09-20,5,"gbm","xgb","gru"
2022-09-20,6,"xgb","gbm","svr"
2022-09-20,7,"xgb","gru","gbm"
2022-09-20,8,"xgb","gru","gbm"
2022-09-20,9,"gru","gbm","xgb"
2022-09-20,10,"gru","gbm","rf"
2022-09-20,11,"gru","gbm","rf"
2022-09-20,12,"gru","rf","gbm"
2022-09-20,13,"gru","rf","gbm"
2022-09-20,14,"gru","rf","xgb"
2022-09-21,0,"xgb","svr","gam"
2022-09-21,1,"rf","gbm","xgb"
2022-09-21,2,"rf","gbm","xgb"
2022-09-21,3,"gbm","rf","arima"
2022-09-21,4,"gbm","rf","gpr"
2022-09-21,5,"gbm","xgb","gru"
2022-09-21,6,"xgb","gbm","svr"
2022-09-21,7,"xgb","gru","gbm"
2022-09-21,8,"xgb","gru","gbm"
2022-09-21,9,"gru","rf","xgb"
2022-09-21,10,"gru","gbm","rf"
2022-09-21,11,"gru","gbm","rf"
2022-09-21,12,"gru","rf","gbm"
2022-09-21,13,"gru","rf","gbm"
2022-09-21,14,"gru","rf","xgb"
2022-09-22,0,"xgb","svr","gam"
2022-09-22,1,"rf","gbm","xgb"
2022-09-22,2,"rf","gbm","xgb"
2022-09-22,3,"gbm","rf","arima"
2022-09-22,4,"gbm","rf","arima"
2022-09-22,5,"gbm","rf","xgb"
2022-09-22,6,"svr","xgb","gpr"
2022-09-22,7,"xgb","gru","gbm"
2022-09-22,8,"xgb","gru","rf"
2022-09-22,9,"gru","xgb","rf"
2022-09-22,10,"gru","gbm","rf"
2022-09-22,11,"gru","gbm","xgb"
2022-09-22,12,"gru","gbm","rf"
2022-09-22,13,"gru","rf","gbm"
2022-09-22,14,"gru","rf","gbm"
2022-09-23,0,"xgb","svr","rf"
2022-09-23,1,"rf","gbm","xgb"
2022-09-23,2,"rf","gbm","xgb"
2022-09-23,3,"gbm","rf","xgb"
2022-09-23,4,"gbm","rf","arima"
2022-09-23,5,"gbm","rf","xgb"
2022-09-23,6,"gbm","svr","gru"
2022-09-23,7,"xgb","gru","gbm"
2022-09-23,8,"xgb","gru","rf"
2022-09-23,9,"gru","xgb","rf"
2022-09-23,10,"gru","xgb","rf"
2022-09-23,11,"gru","xgb","gbm"
2022-09-23,12,"gru","xgb","gbm"
2022-09-23,13,"gru","rf","gbm"
2022-09-23,14,"gru","rf","gbm"
2022-09-24,0,"xgb","svr","rf"
2022-09-24,1,"rf","gbm","xgb"
2022-09-24,2,"gbm","rf","xgb"
2022-09-24,3,"rf","gbm","xgb"
2022-09-24,4,"gbm","rf","arima"
2022-09-24,5,"gbm","rf","xgb"
2022-09-24,6,"gbm","rf","gru"
2022-09-24,7,"gbm","gru","xgb"
2022-09-24,8,"xgb","rf","gru"
2022-09-24,9,"gru","rf","gbm"
2022-09-24,10,"gru","gbm","rf"
2022-09-24,11,"gru","gbm","rf"
2022-09-24,12,"gru","rf","gbm"
2022-09-24,13,"gru","rf","gbm"
2022-09-24,14,"gru","rf","gbm"
2022-09-25,0,"svr","lm","gpr"
2022-09-25,1,"rf","gbm","xgb"
2022-09-25,2,"gbm","rf","xgb"
2022-09-25,3,"gbm","rf","xgb"
2022-09-25,4,"gbm","rf","gru"
2022-09-25,5,"gbm","rf","xgb"
2022-09-25,6,"gbm","rf","gru"
2022-09-25,7,"gbm","rf","gru"
2022-09-25,8,"rf","gbm","xgb"
2022-09-25,9,"gru","rf","gbm"
2022-09-25,10,"gru","gbm","rf"
2022-09-25,11,"gru","rf","gbm"
2022-09-25,12,"gru","rf","xgb"
2022-09-25,13,"gru","rf","gbm"
2022-09-25,14,"gru","rf","gbm"
2022-09-26,0,"svr","lm","gpr"
2022-09-26,1,"gru","rf","xgb"
2022-09-26,2,"gbm","rf","xgb"
2022-09-26,3,"gbm","rf","xgb"
2022-09-26,4,"gbm","rf","arima"
2022-09-26,5,"gbm","rf","xgb"
2022-09-26,6,"gbm","rf","xgb"
2022-09-26,7,"gbm","rf","gru"
2022-09-26,8,"rf","gbm","xgb"
2022-09-26,9,"gru","rf","gbm"
2022-09-26,10,"gru","rf","gbm"
2022-09-26,11,"gru","gbm","rf"
2022-09-26,12,"gru","rf","gbm"
2022-09-26,13,"gru","rf","gbm"
2022-09-26,14,"gru","rf","gbm"
2022-09-27,0,"gpr","lm","svr"
2022-09-27,1,"gru","gpr","lm"
2022-09-27,2,"gbm","gru","xgb"
2022-09-27,3,"gbm","rf","xgb"
2022-09-27,4,"gbm","rf","xgb"
2022-09-27,5,"gbm","rf","xgb"
2022-09-27,6,"gbm","rf","xgb"
2022-09-27,7,"gbm","rf","gru"
2022-09-27,8,"gbm","rf","xgb"
2022-09-27,9,"gbm","rf","gru"
2022-09-27,10,"gru","rf","gbm"
2022-09-27,11,"gru","gbm","rf"
2022-09-27,12,"gru","rf","gbm"
2022-09-27,13,"gru","rf","gbm"
2022-09-27,14,"gru","rf","gbm"
2022-09-28,0,"gpr","lm","arima"
2022-09-28,1,"gru","gpr","lm"
2022-09-28,2,"gru","gpr","svr"
2022-09-28,3,"gbm","xgb","arima"
2022-09-28,4,"gbm","rf","xgb"
2022-09-28,5,"gbm","rf","xgb"
2022-09-28,6,"gbm","rf","xgb"
2022-09-28,7,"gbm","rf","xgb"
2022-09-28,8,"gbm","rf","xgb"
2022-09-28,9,"gbm","rf","gru"
2022-09-28,10,"gru","gbm","rf"
2022-09-28,11,"gru","gbm","rf"
2022-09-28,12,"gru","xgb","gbm"
2022-09-28,13,"gru","rf","gbm"
2022-09-28,14,"gru","rf","gbm"
2022-09-29,0,"gpr","lm","svr"
2022-09-29,1,"gru","gpr","lm"
2022-09-29,2,"gru","gpr","svr"
2022-09-29,3,"arima","xgb","gbm"
2022-09-29,4,"gbm","rf","xgb"
2022-09-29,5,"gbm","rf","xgb"
2022-09-29,6,"gbm","rf","xgb"
2022-09-29,7,"gbm","rf","xgb"
2022-09-29,8,"gbm","rf","xgb"
2022-09-29,9,"gbm","rf","gru"
2022-09-29,10,"gbm","gru","rf"
2022-09-29,11,"gru","gbm","rf"
2022-09-29,12,"gru","gbm","rf"
2022-09-29,13,"gru","rf","gbm"
2022-09-29,14,"gru","rf","gbm"
2022-09-30,0,"gpr","lm","svr"
2022-09-30,1,"gru","gpr","lm"
2022-09-30,2,"gru","gpr","svr"
2022-09-30,3,"arima","svr","gpr"
2022-09-30,4,"gbm","xgb","rf"
2022-09-30,5,"rf","gbm","xgb"
2022-09-30,6,"gbm","rf","xgb"
2022-09-30,7,"gbm","rf","xgb"
2022-09-30,8,"gbm","rf","xgb"
2022-09-30,9,"gbm","rf","gru"
2022-09-30,10,"gbm","rf","gru"
2022-09-30,11,"gru","gbm","rf"
2022-09-30,12,"gru","gbm","rf"
2022-09-30,13,"gru","rf","gam"
2022-09-30,14,"gru","rf","gbm"
2022-10-01,0,"svr","gam","lm"
2022-10-01,1,"gru","gpr","svr"
2022-10-01,2,"gru","gpr","lm"
2022-10-01,3,"arima","svr","gpr"
2022-10-01,4,"gbm","svr","xgb"
2022-10-01,5,"rf","gbm","xgb"
2022-10-01,6,"gbm","rf","xgb"
2022-10-01,7,"gbm","rf","xgb"
2022-10-01,8,"gbm","rf","xgb"
2022-10-01,9,"gbm","rf","gru"
2022-10-01,10,"gbm","rf","gru"
2022-10-01,11,"gbm","gru","rf"
2022-10-01,12,"gru","xgb","gbm"
2022-10-01,13,"gru","gam","xgb"
2022-10-01,14,"gru","gbm","rf"
2022-10-02,0,"svr","gam","lm"
2022-10-02,1,"gru","svr","gpr"
2022-10-02,2,"gru","gpr","svr"
2022-10-02,3,"gru","arima","svr"
2022-10-02,4,"svr","arima","gbm"
2022-10-02,5,"rf","gbm","xgb"
2022-10-02,6,"gbm","xgb","rf"
2022-10-02,7,"gbm","rf","xgb"
2022-10-02,8,"gbm","rf","xgb"
2022-10-02,9,"gbm","rf","xgb"
2022-10-02,10,"gbm","rf","gru"
2022-10-02,11,"gbm","gru","xgb"
2022-10-02,12,"gru","xgb","gbm"
2022-10-02,13,"gru","gbm","xgb"
2022-10-02,14,"gru","gbm","xgb"
2022-10-03,0,"svr","arima","gam"
2022-10-03,1,"gru","gpr","lm"
2022-10-03,2,"gru","gpr","svr"
2022-10-03,3,"gru","arima","svr"
2022-10-03,4,"gru","xgb","svr"
2022-10-03,5,"rf","xgb","svr"
2022-10-03,6,"xgb","gbm","svr"
2022-10-03,7,"xgb","gbm","rf"
2022-10-03,8,"rf","gbm","xgb"
2022-10-03,9,"gbm","rf","xgb"
2022-10-03,10,"gbm","rf","xgb"
2022-10-03,11,"gbm","xgb","rf"
2022-10-03,12,"gru","xgb","gbm"
2022-10-03,13,"gru","gbm","xgb"
2022-10-03,14,"gru","xgb","gbm"
2022-10-04,0,"garch","arima","gam"
2022-10-04,1,"gru","gpr","lm"
2022-10-04,2,"gru","gpr","lm"
2022-10-04,3,"arima","gru","svr"
2022-10-04,4,"gru","svr","gpr"
2022-10-04,5,"xgb","rf","svr"
2022-10-04,6,"xgb","gbm","svr"
2022-10-04,7,"xgb","rf","gbm"
2022-10-04,8,"xgb","gbm","rf"
2022-10-04,9,"gbm","rf","xgb"
2022-10-04,10,"rf","gbm","xgb"
2022-10-04,11,"gbm","xgb","rf"
2022-10-04,12,"gru","xgb","gbm"
2022-10-04,13,"gru","gbm","xgb"
2022-10-04,14,"gru","gbm","xgb"
2022-10-05,0,"xgb","garch","arima"
2022-10-05,1,"gru","gpr","arima"
2022-10-05,2,"gru","gpr","lm"
2022-10-05,3,"arima","gpr","gru"
2022-10-05,4,"svr","gpr","gru"
2022-10-05,5,"xgb","svr","gru"
2022-10-05,6,"xgb","svr","gbm"
2022-10-05,7,"xgb","gbm","rf"
2022-10-05,8,"xgb","gbm","rf"
2022-10-05,9,"gbm","xgb","rf"
2022-10-05,10,"rf","gbm","xgb"
2022-10-05,11,"gbm","xgb","rf"
2022-10-05,12,"gbm","rf","xgb"
2022-10-05,13,"gbm","gru","rf"
2022-10-05,14,"gru","gbm","rf"
2022-10-06,0,"gru","xgb","garch"
2022-10-06,1,"gru","arima","garch"
2022-10-06,2,"gru","gpr","arima"
2022-10-06,3,"arima","gpr","gru"
2022-10-06,4,"svr","gpr","lm"
2022-10-06,5,"svr","gam","gpr"
2022-10-06,6,"xgb","svr","gru"
2022-10-06,7,"xgb","rf","gbm"
2022-10-06,8,"xgb","gbm","rf"
2022-10-06,9,"gbm","xgb","rf"
2022-10-06,10,"gbm","rf","xgb"
2022-10-06,11,"gbm","xgb","rf"
2022-10-06,12,"rf","xgb","gbm"
2022-10-06,13,"gbm","xgb","rf"
2022-10-06,14,"gru","gbm","rf"
2022-10-07,0,"gru","gam","lm"
2022-10-07,1,"gru","lm","gpr"
2022-10-07,2,"gru","arima","garch"
2022-10-07,3,"arima","gru","gpr"
2022-10-07,4,"gpr","lm","svr"
2022-10-07,5,"svr","gam","gpr"
2022-10-07,6,"xgb","svr","gam"
2022-10-07,7,"xgb","rf","gru"
2022-10-07,8,"xgb","gbm","rf"
2022-10-07,9,"xgb","gbm","rf"
2022-10-07,10,"gbm","rf","xgb"
2022-10-07,11,"gbm","xgb","rf"
2022-10-07,12,"rf","xgb","gbm"
2022-10-07,13,"gbm","rf","xgb"
2022-10-07,14,"gbm","rf","gru"
2022-10-08,0,"gru","lm","gam"
2022-10-08,1,"gru","lm","gpr"
2022-10-08,2,"gru","xgb","gpr"
2022-10-08,3,"arima","gru","garch"
2022-10-08,4,"gpr","lm","arima"
2022-10-08,5,"svr","gpr","lm"
2022-10-08,6,"svr","xgb","gam"
2022-10-08,7,"xgb","svr","gru"
2022-10-08,8,"xgb","rf","gbm"
2022-10-08,9,"xgb","gbm","rf"
2022-10-08,10,"rf","gbm","xgb"
2022-10-08,11,"xgb","gbm","rf"
2022-10-08,12,"gbm","rf","xgb"
2022-10-08,13,"xgb","rf","gbm"
2022-10-08,14,"rf","gbm","xgb"
2022-10-09,0,"gru","gam","garch"
2022-10-09,1,"gru","arima","lm"
2022-10-09,2,"gru","lm","garch"
2022-10-09,3,"gru","arima","xgb"
2022-10-09,4,"arima","garch","lm"
2022-10-09,5,"arima","garch","svr"
2022-10-09,6,"svr","lm","gpr"
2022-10-09,7,"xgb","svr","gru"
2022-10-09,8,"xgb","gru","svr"
2022-10-09,9,"xgb","gbm","rf"
2022-10-09,10,"xgb","rf","gbm"
2022-10-09,11,"xgb","gbm","rf"
2022-10-09,12,"gbm","rf","xgb"
2022-10-09,13,"xgb","gbm","rf"
2022-10-09,14,"rf","xgb","gbm"
2022-10-10,0,"gru","gam","xgb"
2022-10-10,1,"xgb","gru","arima"
2022-10-10,2,"gru","xgb","rf"
2022-10-10,3,"xgb","gru","arima"
2022-10-10,4,"gru","xgb","arima"
2022-10-10,5,"garch","arima","xgb"
2022-10-10,6,"arima","garch","lm"
2022-10-10,7,"gru","garch","arima"
2022-10-10,8,"xgb","gru","svr"
2022-10-10,9,"xgb","gbm","gru"
2022-10-10,10,"xgb","gru","gbm"
2022-10-10,11,"xgb","gbm","rf"
2022-10-10,12,"gbm","xgb","svr"
2022-10-10,13,"gbm","xgb","rf"
2022-10-10,14,"xgb","gbm","rf"
2022-10-11,0,"gru","gam","xgb"
2022-10-11,1,"xgb","gru","gam"
2022-10-11,2,"xgb","rf","gru"
2022-10-11,3,"xgb","gru","garch"
2022-10-11,4,"xgb","gru","arima"
2022-10-11,5,"xgb","gru","arima"
2022-10-11,6,"arima","garch","lm"
2022-10-11,7,"gru","arima","garch"
2022-10-11,8,"gru","garch","xgb"
2022-10-11,9,"gru","lm","arima"
2022-10-11,10,"gru","xgb","gpr"
2022-10-11,11,"xgb","gru","rf"
2022-10-11,12,"gbm","xgb","rf"
2022-10-11,13,"gbm","xgb","svr"
2022-10-11,14,"xgb","rf","gbm"
2022-10-12,0,"gru","rf","xgb"
2022-10-12,1,"gru","xgb","rf"
2022-10-12,2,"rf","xgb","garch"
2022-10-12,3,"xgb","gru","rf"
2022-10-12,4,"xgb","gru","arima"
2022-10-12,5,"xgb","gru","arima"
2022-10-12,6,"arima","garch","gru"
2022-10-12,7,"arima","gru","garch"
2022-10-12,8,"garch","arima","gru"
2022-10-12,9,"gru","garch","lm"
2022-10-12,10,"gpr","lm","arima"
2022-10-12,11,"gru","rf","gpr"
2022-10-12,12,"gbm","xgb","rf"
2022-10-12,13,"gbm","xgb","rf"
2022-10-12,14,"xgb","gbm","rf"
2022-10-13,0,"rf","gbm","gru"
2022-10-13,1,"arima","garch","gam"
2022-10-13,2,"gru","xgb","gam"
2022-10-13,3,"xgb","gru","rf"
2022-10-13,4,"xgb","gru","rf"
2022-10-13,5,"xgb","gru","arima"
2022-10-13,6,"arima","gru","xgb"
2022-10-13,7,"gru","arima","garch"
2022-10-13,8,"gru","garch","arima"
2022-10-13,9,"arima","gru","garch"
2022-10-13,10,"gru","garch","arima"
2022-10-13,11,"gru","gpr","lm"
2022-10-13,12,"gru","gbm","gpr"
2022-10-13,13,"gbm","xgb","svr"
2022-10-13,14,"gbm","xgb","rf"
2022-10-14,0,"gbm","rf","garch"
2022-10-14,1,"rf","arima","garch"
2022-10-14,2,"gam","lm","garch"
2022-10-14,3,"gru","xgb","gam"
2022-10-14,4,"xgb","gru","gbm"
2022-10-14,5,"xgb","gru","arima"
2022-10-14,6,"arima","garch","gru"
2022-10-14,7,"gru","arima","garch"
2022-10-14,8,"gru","garch","arima"
2022-10-14,9,"gru","arima","garch"
2022-10-14,10,"gru","arima","garch"
2022-10-14,11,"gru","garch","gpr"
2022-10-14,12,"gru","arima","garch"
2022-10-14,13,"gru","gpr","gam"
2022-10-14,14,"gru","gbm","rf"
2022-10-15,0,"gbm","rf","arima"
2022-10-15,1,"rf","gbm","garch"
2022-10-15,2,"gam","garch","rf"
2022-10-15,3,"gru","gam","lm"
2022-10-15,4,"xgb","gru","gbm"
2022-10-15,5,"xgb","gru","arima"
2022-10-15,6,"gru","arima","xgb"
2022-10-15,7,"gru","arima","garch"
2022-10-15,8,"gru","garch","arima"
2022-10-15,9,"gru","arima","garch"
2022-10-15,10,"gru","arima","garch"
2022-10-15,11,"gru","arima","garch"
2022-10-15,12,"gru","garch","arima"
2022-10-15,13,"gru","gpr","lm"
2022-10-15,14,"gru","gbm","gpr"
2022-10-16,0,"gbm","rf","arima"
2022-10-16,1,"rf","gbm","arima"
2022-10-16,2,"rf","gbm","garch"
2022-10-16,3,"arima","lm","gpr"
2022-10-16,4,"gru","xgb","rf"
2022-10-16,5,"gru","xgb","arima"
2022-10-16,6,"gru","xgb","arima"
2022-10-16,7,"gru","arima","garch"
2022-10-16,8,"gru","garch","arima"
2022-10-16,9,"gru","arima","garch"
2022-10-16,10,"gru","xgb","arima"
2022-10-16,11,"gru","arima","garch"
2022-10-16,12,"gru","garch","arima"
2022-10-16,13,"gru","garch","gpr"
2022-10-16,14,"gru","arima","gpr"
2022-10-17,0,"rf","gbm","arima"
2022-10-17,1,"rf","arima","garch"
2022-10-17,2,"garch","rf","gam"
2022-10-17,3,"arima","garch","lm"
2022-10-17,4,"xgb","gpr","gru"
2022-10-17,5,"gru","garch","arima"
2022-10-17,6,"gru","xgb","lm"
2022-10-17,7,"gru","xgb","gbm"
2022-10-17,8,"gru","xgb","garch"
2022-10-17,9,"gru","arima","xgb"
2022-10-17,10,"gru","xgb","arima"
2022-10-17,11,"gru","xgb","arima"
2022-10-17,12,"gru","xgb","garch"
2022-10-17,13,"gru","xgb","garch"
2022-10-17,14,"gru","xgb","arima"
2022-10-18,0,"rf","gbm","svr"
2022-10-18,1,"rf","arima","garch"
2022-10-18,2,"garch","rf","gam"
2022-10-18,3,"arima","gpr","garch"
2022-10-18,4,"xgb","arima","rf"
2022-10-18,5,"gpr","garch","lm"
2022-10-18,6,"gru","lm","gpr"
2022-10-18,7,"gru","xgb","gbm"
2022-10-18,8,"gru","xgb","garch"
2022-10-18,9,"gru","xgb","arima"
2022-10-18,10,"gru","xgb","garch"
2022-10-18,11,"gru","xgb","arima"
2022-10-18,12,"xgb","gru","garch"
2022-10-18,13,"xgb","gru","garch"
2022-10-18,14,"xgb","gru","arima"
2022-10-19,0,"gbm","rf","svr"
2022-10-19,1,"rf","gbm","xgb"
2022-10-19,2,"rf","svr","garch"
2022-10-19,3,"gbm","gam","rf"
2022-10-19,4,"xgb","rf","gbm"
2022-10-19,5,"garch","arima","gpr"
2022-10-19,6,"lm","gpr","garch"
2022-10-19,7,"gru","xgb","gbm"
2022-10-19,8,"gru","xgb","garch"
2022-10-19,9,"gru","xgb","arima"
2022-10-19,10,"gru","xgb","garch"
2022-10-19,11,"gru","xgb","arima"
2022-10-19,12,"gru","xgb","garch"
2022-10-19,13,"gru","xgb","garch"
2022-10-19,14,"gru","xgb","arima"
2022-10-20,0,"rf","gbm","svr"
2022-10-20,1,"gbm","rf","xgb"
2022-10-20,2,"rf","gbm","svr"
2022-10-20,3,"svr","rf","gam"
2022-10-20,4,"xgb","rf","arima"
2022-10-20,5,"garch","arima","xgb"
2022-10-20,6,"garch","arima","lm"
2022-10-20,7,"xgb","gbm","lm"
2022-10-20,8,"gru","xgb","gbm"
2022-10-20,9,"xgb","gru","arima"
2022-10-20,10,"gru","xgb","arima"
2022-10-20,11,"gru","xgb","arima"
2022-10-20,12,"xgb","gru","garch"
2022-10-20,13,"xgb","gru","arima"
2022-10-20,14,"xgb","gru","arima"
2022-10-21,0,"xgb","gbm","svr"
2022-10-21,1,"gbm","xgb","svr"
2022-10-21,2,"xgb","rf","gbm"
2022-10-21,3,"gbm","rf","xgb"
2022-10-21,4,"gbm","xgb","rf"
2022-10-21,5,"xgb","gbm","garch"
2022-10-21,6,"arima","gbm","garch"
2022-10-21,7,"xgb","gbm","garch"
2022-10-21,8,"lm","garch","arima"
2022-10-21,9,"xgb","gbm","gru"
2022-10-21,10,"xgb","gru","lm"
2022-10-21,11,"xgb","gru","arima"
2022-10-21,12,"xgb","gru","garch"
2022-10-21,13,"gru","xgb","arima"
2022-10-21,14,"gru","xgb","arima"
2022-10-22,0,"gbm","xgb","svr"
2022-10-22,1,"gbm","xgb","svr"
2022-10-22,2,"xgb","rf","gbm"
2022-10-22,3,"gbm","rf","xgb"
2022-10-22,4,"gbm","xgb","rf"
2022-10-22,5,"xgb","gbm","garch"
2022-10-22,6,"arima","gbm","gam"
2022-10-22,7,"xgb","gbm","rf"
2022-10-22,8,"garch","arima","gam"
2022-10-22,9,"xgb","gbm","arima"
2022-10-22,10,"xgb","lm","garch"
2022-10-22,11,"xgb","gru","arima"
2022-10-22,12,"xgb","gru","garch"
2022-10-22,13,"gru","xgb","arima"
2022-10-22,14,"gru","xgb","arima"
2022-10-23,0,"gbm","gam","garch"
2022-10-23,1,"gbm","rf","xgb"
2022-10-23,2,"rf","svr","gbm"
2022-10-23,3,"gbm","rf","xgb"
2022-10-23,4,"gbm","rf","svr"
2022-10-23,5,"garch","rf","svr"
2022-10-23,6,"gam","arima","garch"
2022-10-23,7,"xgb","gbm","garch"
2022-10-23,8,"garch","lm","gam"
2022-10-23,9,"xgb","lm","gpr"
2022-10-23,10,"xgb","gpr","gbm"
2022-10-23,11,"gru","gpr","lm"
2022-10-23,12,"gru","xgb","gpr"
2022-10-23,13,"gru","xgb","gpr"
2022-10-23,14,"gru","xgb","arima"
2022-10-24,0,"gbm","rf","svr"
2022-10-24,1,"gbm","rf","xgb"
2022-10-24,2,"rf","gbm","lm"
2022-10-24,3,"gbm","rf","xgb"
2022-10-24,4,"gbm","svr","rf"
2022-10-24,5,"rf","gbm","xgb"
2022-10-24,6,"gbm","gam","garch"
2022-10-24,7,"xgb","gbm","rf"
2022-10-24,8,"garch","gam","lm"
2022-10-24,9,"xgb","arima","lm"
2022-10-24,10,"xgb","gbm","garch"
2022-10-24,11,"gpr","lm","garch"
2022-10-24,12,"gru","gpr","lm"
2022-10-24,13,"gru","gpr","lm"
2022-10-24,14,"gru","gbm","xgb"
2022-10-25,0,"gbm","rf","svr"
2022-10-25,1,"gbm","rf","xgb"
2022-10-25,2,"rf","gbm","lm"
2022-10-25,3,"gbm","rf","xgb"
2022-10-25,4,"gbm","svr","rf"
2022-10-25,5,"rf","svr","gam"
2022-10-25,6,"gbm","rf","gam"
2022-10-25,7,"gbm","rf","xgb"
2022-10-25,8,"garch","gam","svr"
2022-10-25,9,"lm","gam","gpr"
2022-10-25,10,"rf","xgb","gbm"
2022-10-25,11,"garch","gpr","arima"
2022-10-25,12,"gpr","lm","garch"
2022-10-25,13,"gru","gpr","gbm"
2022-10-25,14,"gru","gbm","rf"
2022-10-26,0,"gbm","svr","arima"
2022-10-26,1,"gbm","rf","xgb"
2022-10-26,2,"rf","gbm","xgb"
2022-10-26,3,"gbm","rf","xgb"
2022-10-26,4,"gbm","svr","rf"
2022-10-26,5,"gam","svr","rf"
2022-10-26,6,"gbm","xgb","rf"
2022-10-26,7,"gbm","rf","xgb"
2022-10-26,8,"garch","svr","gam"
2022-10-26,9,"arima","svr","gam"
2022-10-26,10,"xgb","rf","gbm"
2022-10-26,11,"arima","garch","gpr"
2022-10-26,12,"garch","arima","gpr"
2022-10-26,13,"gpr","lm","rf"
2022-10-26,14,"gru","gbm","rf"
2022-10-27,0,"gbm","rf","arima"
2022-10-27,1,"gbm","rf","xgb"
2022-10-27,2,"rf","gbm","xgb"
2022-10-27,3,"gbm","rf","xgb"
2022-10-27,4,"gbm","rf","garch"
2022-10-27,5,"rf","gbm","garch"
2022-10-27,6,"svr","gam","lm"
2022-10-27,7,"gbm","xgb","rf"
2022-10-27,8,"garch","gam","svr"
2022-10-27,9,"arima","gam","svr"
2022-10-27,10,"xgb","rf","gbm"
2022-10-27,11,"arima","garch","gpr"
2022-10-27,12,"garch","gpr","arima"
2022-10-27,13,"gpr","lm","svr"
2022-10-27,14,"gru","rf","gbm"
2022-10-28,0,"gbm","rf","arima"
2022-10-28,1,"rf","gbm","gru"
2022-10-28,2,"rf","gbm","garch"
2022-10-28,3,"rf","gbm","garch"
2022-10-28,4,"rf","arima","gbm"
2022-10-28,5,"rf","arima","gbm"
2022-10-28,6,"garch","gpr","lm"
2022-10-28,7,"arima","garch","gpr"
2022-10-28,8,"garch","gpr","gbm"
2022-10-28,9,"gpr","lm","arima"
2022-10-28,10,"xgb","garch","rf"
2022-10-28,11,"gpr","arima","garch"
2022-10-28,12,"garch","gpr","arima"
2022-10-28,13,"gpr","lm","garch"
2022-10-28,14,"gru","xgb","rf"
2022-10-29,0,"gbm","rf","svr"
2022-10-29,1,"rf","gbm","gru"
2022-10-29,2,"rf","gbm","garch"
2022-10-29,3,"rf","gbm","garch"
2022-10-29,4,"arima","garch","rf"
2022-10-29,5,"rf","arima","gbm"
2022-10-29,6,"garch","gpr","lm"
2022-10-29,7,"arima","gru","garch"
2022-10-29,8,"gpr","garch","lm"
2022-10-29,9,"gpr","lm","arima"
2022-10-29,10,"xgb","garch","gpr"
2022-10-29,11,"gpr","arima","garch"
2022-10-29,12,"gpr","garch","lm"
2022-10-29,13,"gpr","lm","garch"
2022-10-29,14,"gru","rf","gpr"
2022-10-30,0,"rf","gbm","svr"
2022-10-30,1,"gbm","xgb","rf"
2022-10-30,2,"gbm","xgb","rf"
2022-10-30,3,"gam","svr","arima"
2022-10-30,4,"gbm","gam","rf"
2022-10-30,5,"gbm","rf","arima"
2022-10-30,6,"gbm","rf","arima"
2022-10-30,7,"arima","garch","rf"
2022-10-30,8,"garch","gpr","arima"
2022-10-30,9,"arima","garch","gpr"
2022-10-30,10,"svr","garch","gam"
2022-10-30,11,"xgb","arima","garch"
2022-10-30,12,"garch","xgb","gpr"
2022-10-30,13,"gpr","lm","arima"
2022-10-30,14,"rf","gpr","xgb"
2022-10-31,0,"svr","rf","arima"
2022-10-31,1,"gbm","xgb","rf"
2022-10-31,2,"xgb","gbm","gam"
2022-10-31,3,"arima","svr","gam"
2022-10-31,4,"gam","svr","gpr"
2022-10-31,5,"gbm","xgb","rf"
2022-10-31,6,"arima","gbm","rf"
2022-10-31,7,"rf","arima","gbm"
2022-10-31,8,"garch","gpr","arima"
2022-10-31,9,"arima","garch","gpr"
2022-10-31,10,"svr","gam","garch"
2022-10-31,11,"arima","xgb","garch"
2022-10-31,12,"xgb","garch","gbm"
2022-10-31,13,"lm","gpr","garch"
2022-10-31,14,"rf","gpr","lm"
2022-11-01,0,"svr","rf","arima"
2022-11-01,1,"xgb","svr","gam"
2022-11-01,2,"xgb","gbm","gru"
2022-11-01,3,"xgb","svr","arima"
2022-11-01,4,"xgb","svr","gam"
2022-11-01,5,"xgb","arima","garch"
2022-11-01,6,"arima","xgb","garch"
2022-11-01,7,"arima","rf","gbm"
2022-11-01,8,"arima","garch","rf"
2022-11-01,9,"garch","arima","gpr"
2022-11-01,10,"garch","lm","svr"
2022-11-01,11,"arima","xgb","garch"
2022-11-01,12,"xgb","garch","gbm"
2022-11-01,13,"rf","arima","svr"
2022-11-01,14,"rf","xgb","gbm"
2022-11-02,0,"svr","rf","arima"
2022-11-02,1,"xgb","svr","gru"
2022-11-02,2,"xgb","svr","gam"
2022-11-02,3,"xgb","svr","arima"
2022-11-02,4,"xgb","svr","gam"
2022-11-02,5,"xgb","svr","gam"
2022-11-02,6,"arima","xgb","gpr"
2022-11-02,7,"xgb","arima","garch"
2022-11-02,8,"arima","garch","gpr"
2022-11-02,9,"arima","garch","gbm"
2022-11-02,10,"garch","lm","svr"
2022-11-02,11,"arima","garch","lm"
2022-11-02,12,"xgb","gbm","rf"
2022-11-02,13,"svr","rf","gam"
2022-11-02,14,"rf","xgb","gbm"
2022-11-03,0,"svr","gpr","arima"
2022-11-03,1,"xgb","svr","gru"
2022-11-03,2,"xgb","svr","gam"
2022-11-03,3,"xgb","svr","gam"
2022-11-03,4,"xgb","svr","gam"
2022-11-03,5,"xgb","gam","svr"
2022-11-03,6,"xgb","gam","gbm"
2022-11-03,7,"xgb","arima","svr"
2022-11-03,8,"arima","xgb","garch"
2022-11-03,9,"arima","gbm","garch"
2022-11-03,10,"garch","arima","gam"
2022-11-03,11,"arima","garch","gam"
2022-11-03,12,"xgb","gbm","rf"
2022-11-03,13,"rf","gbm","gam"
2022-11-03,14,"rf","gbm","xgb"
2022-11-04,0,"svr","xgb","arima"
2022-11-04,1,"xgb","svr","gam"
2022-11-04,2,"xgb","svr","gam"
2022-11-04,3,"xgb","svr","gam"
2022-11-04,4,"xgb","svr","gam"
2022-11-04,5,"xgb","gam","svr"
2022-11-04,6,"xgb","gam","svr"
2022-11-04,7,"xgb","gbm","gam"
2022-11-04,8,"gam","arima","svr"
2022-11-04,9,"xgb","gbm","arima"
2022-11-04,10,"arima","garch","gam"
2022-11-04,11,"arima","gbm","rf"
2022-11-04,12,"gbm","gam","garch"
2022-11-04,13,"rf","gbm","gam"
2022-11-04,14,"rf","gbm","xgb"
2022-11-05,0,"svr","xgb","gpr"
2022-11-05,1,"xgb","gru","svr"
2022-11-05,2,"xgb","svr","gam"
2022-11-05,3,"xgb","svr","gam"
2022-11-05,4,"xgb","svr","gam"
2022-11-05,5,"xgb","gam","svr"
2022-11-05,6,"xgb","gam","svr"
2022-11-05,7,"xgb","gam","svr"
2022-11-05,8,"xgb","gam","gbm"
2022-11-05,9,"gam","svr","arima"
2022-11-05,10,"gam","xgb","svr"
2022-11-05,11,"xgb","arima","gam"
2022-11-05,12,"gbm","xgb","rf"
2022-11-05,13,"gam","svr","garch"
2022-11-05,14,"xgb","gam","gbm"
2022-11-06,0,"xgb","gru","gpr"
2022-11-06,1,"xgb","svr","gru"
2022-11-06,2,"xgb","svr","gam"
2022-11-06,3,"xgb","svr","gam"
2022-11-06,4,"xgb","svr","gam"
2022-11-06,5,"xgb","gam","svr"
2022-11-06,6,"xgb","gam","svr"
2022-11-06,7,"xgb","gam","svr"
2022-11-06,8,"xgb","gam","arima"
2022-11-06,9,"xgb","gam","svr"
2022-11-06,10,"gam","xgb","svr"
2022-11-06,11,"xgb","gam","svr"
2022-11-06,12,"gbm","xgb","rf"
2022-11-06,13,"gam","svr","gbm"
2022-11-06,14,"xgb","gam","svr"
2022-11-07,0,"rf","gbm","svr"
2022-11-07,1,"xgb","gpr","gam"
2022-11-07,2,"svr","xgb","gam"
2022-11-07,3,"xgb","svr","gam"
2022-11-07,4,"xgb","svr","gam"
2022-11-07,5,"xgb","gam","svr"
2022-11-07,6,"xgb","gam","svr"
2022-11-07,7,"xgb","gam","svr"
2022-11-07,8,"xgb","gam","svr"
2022-11-07,9,"xgb","gam","svr"
2022-11-07,10,"xgb","gam","svr"
2022-11-07,11,"gam","xgb","svr"
2022-11-07,12,"xgb","gbm","rf"
2022-11-07,13,"gam","svr","xgb"
2022-11-07,14,"xgb","gbm","rf"
2022-11-08,0,"rf","gbm","garch"
2022-11-08,1,"xgb","gam","gpr"
2022-11-08,2,"xgb","gam","svr"
2022-11-08,3,"xgb","svr","gam"
2022-11-08,4,"xgb","svr","gam"
2022-11-08,5,"xgb","gam","svr"
2022-11-08,6,"xgb","gam","svr"
2022-11-08,7,"xgb","gam","svr"
2022-11-08,8,"xgb","gam","svr"
2022-11-08,9,"xgb","gam","svr"
2022-11-08,10,"xgb","gam","svr"
2022-11-08,11,"xgb","gam","svr"
2022-11-08,12,"xgb","gbm","rf"
2022-11-08,13,"gam","svr","xgb"
2022-11-08,14,"xgb","gbm","gam"
2022-11-09,0,"gbm","rf","garch"
2022-11-09,1,"xgb","gam","gpr"
2022-11-09,2,"xgb","svr","gam"
2022-11-09,3,"xgb","svr","arima"
2022-11-09,4,"xgb","svr","gam"
2022-11-09,5,"xgb","svr","gam"
2022-11-09,6,"xgb","gam","svr"
2022-11-09,7,"xgb","gam","svr"
2022-11-09,8,"xgb","gam","svr"
2022-11-09,9,"xgb","gam","svr"
2022-11-09,10,"xgb","gam","svr"
2022-11-09,11,"xgb","gam","svr"
2022-11-09,12,"xgb","gbm","rf"
2022-11-09,13,"gam","svr","xgb"
2022-11-09,14,"xgb","gam","svr"
2022-11-10,0,"rf","gbm","garch"
2022-11-10,1,"arima","gpr","garch"
2022-11-10,2,"xgb","svr","gam"
2022-11-10,3,"svr","xgb","arima"
2022-11-10,4,"xgb","svr","gbm"
2022-11-10,5,"svr","gam","xgb"
2022-11-10,6,"xgb","gam","svr"
2022-11-10,7,"xgb","gam","svr"
2022-11-10,8,"xgb","gam","svr"
2022-11-10,9,"xgb","gam","svr"
2022-11-10,10,"xgb","gam","svr"
2022-11-10,11,"xgb","gam","svr"
2022-11-10,12,"xgb","gbm","rf"
2022-11-10,13,"gam","xgb","svr"
2022-11-10,14,"xgb","gam","svr"
2022-11-11,0,"rf","gbm","garch"
2022-11-11,1,"arima","garch","gbm"
2022-11-11,2,"xgb","rf","gam"
2022-11-11,3,"arima","svr","xgb"
2022-11-11,4,"xgb","rf","gbm"
2022-11-11,5,"xgb","svr","gam"
2022-11-11,6,"xgb","gam","svr"
2022-11-11,7,"xgb","gam","svr"
2022-11-11,8,"xgb","gam","svr"
2022-11-11,9,"xgb","gam","svr"
2022-11-11,10,"xgb","gam","svr"
2022-11-11,11,"xgb","gam","svr"
2022-11-11,12,"xgb","gbm","rf"
2022-11-11,13,"xgb","gam","svr"
2022-11-11,14,"xgb","gbm","gam"
2022-11-12,0,"rf","gbm","garch"
2022-11-12,1,"rf","arima","garch"
2022-11-12,2,"rf","gbm","xgb"
2022-11-12,3,"arima","rf","svr"
2022-11-12,4,"rf","xgb","gbm"
2022-11-12,5,"gam","garch","svr"
2022-11-12,6,"gam","svr","xgb"
2022-11-12,7,"gam","svr","xgb"
2022-11-12,8,"xgb","gam","svr"
2022-11-12,9,"xgb","gam","svr"
2022-11-12,10,"xgb","gbm","gam"
2022-11-12,11,"xgb","gam","svr"
2022-11-12,12,"xgb","gam","svr"
2022-11-12,13,"xgb","gbm","rf"
2022-11-12,14,"xgb","gbm","rf"
2022-11-13,0,"rf","gbm","garch"
2022-11-13,1,"rf","arima","garch"
2022-11-13,2,"rf","gbm","xgb"
2022-11-13,3,"arima","rf","garch"
2022-11-13,4,"rf","gbm","xgb"
2022-11-13,5,"rf","garch","arima"
2022-11-13,6,"gam","svr","gpr"
2022-11-13,7,"xgb","gam","svr"
2022-11-13,8,"gam","svr","lm"
2022-11-13,9,"xgb","gam","svr"
2022-11-13,10,"xgb","gbm","gam"
2022-11-13,11,"xgb","gam","svr"
2022-11-13,12,"xgb","gam","svr"
2022-11-13,13,"xgb","gam","svr"
2022-11-13,14,"xgb","gbm","rf"
2022-11-14,0,"garch","rf","arima"
2022-11-14,1,"arima","garch","rf"
2022-11-14,2,"rf","gbm","xgb"
2022-11-14,3,"arima","garch","gpr"
2022-11-14,4,"rf","gbm","gru"
2022-11-14,5,"rf","garch","arima"
2022-11-14,6,"rf","arima","garch"
2022-11-14,7,"gru","arima","xgb"
2022-11-14,8,"gru","xgb","garch"
2022-11-14,9,"svr","gam","lm"
2022-11-14,10,"xgb","gbm","gam"
2022-11-14,11,"xgb","gbm","gam"
2022-11-14,12,"xgb","gam","gbm"
2022-11-14,13,"xgb","gam","svr"
2022-11-14,14,"xgb","gbm","rf"
2022-11-15,0,"rf","garch","arima"
2022-11-15,1,"arima","garch","lm"
2022-11-15,2,"rf","gbm","garch"
2022-11-15,3,"garch","arima","gpr"
2022-11-15,4,"rf","gru","gbm"
2022-11-15,5,"rf","garch","gru"
2022-11-15,6,"rf","arima","garch"
2022-11-15,7,"gru","rf","garch"
2022-11-15,8,"gru","gbm","garch"
2022-11-15,9,"arima","garch","gpr"
2022-11-15,10,"gam","svr","lm"
2022-11-15,11,"xgb","gbm","gam"
2022-11-15,12,"xgb","gbm","rf"
2022-11-15,13,"xgb","gam","svr"
2022-11-15,14,"xgb","gbm","rf"
2022-11-16,0,"garch","arima","rf"
2022-11-16,1,"arima","gbm","garch"
2022-11-16,2,"garch","rf","gbm"
2022-11-16,3,"garch","gpr","lm"
2022-11-16,4,"rf","gru","gbm"
2022-11-16,5,"rf","gru","arima"
2022-11-16,6,"rf","gru","gbm"
2022-11-16,7,"rf","gru","gbm"
2022-11-16,8,"gru","rf","gbm"
2022-11-16,9,"rf","arima","garch"
2022-11-16,10,"rf","garch","gbm"
2022-11-16,11,"gam","svr","gpr"
2022-11-16,12,"xgb","gbm","gam"
2022-11-16,13,"gbm","xgb","rf"
2022-11-16,14,"xgb","gbm","rf"
2022-11-17,0,"xgb","garch","arima"
2022-11-17,1,"arima","xgb","gbm"
2022-11-17,2,"garch","lm","gpr"
2022-11-17,3,"garch","lm","gpr"
2022-11-17,4,"gbm","rf","arima"
2022-11-17,5,"rf","gbm","gru"
2022-11-17,6,"rf","gru","gbm"
2022-11-17,7,"gru","rf","gbm"
2022-11-17,8,"rf","gru","gbm"
2022-11-17,9,"rf","gru","gbm"
2022-11-17,10,"rf","gru","gpr"
2022-11-17,11,"rf","gbm","gru"
2022-11-17,12,"garch","gam","svr"
2022-11-17,13,"gbm","rf","svr"
2022-11-17,14,"gbm","rf","xgb"
2022-11-18,0,"xgb","garch","lm"
2022-11-18,1,"xgb","gru","arima"
2022-11-18,2,"garch","lm","gpr"
2022-11-18,3,"garch","lm","gpr"
2022-11-18,4,"gbm","gru","arima"
2022-11-18,5,"gbm","gru","rf"
2022-11-18,6,"rf","gru","gbm"
2022-11-18,7,"gru","rf","gbm"
2022-11-18,8,"gru","rf","gbm"
2022-11-18,9,"rf","gru","gbm"
2022-11-18,10,"gru","rf","gbm"
2022-11-18,11,"rf","gru","gbm"
2022-11-18,12,"rf","gbm","gru"
2022-11-18,13,"gpr","lm","garch"
2022-11-18,14,"rf","gbm","svr"
2022-11-19,0,"garch","xgb","arima"
2022-11-19,1,"xgb","gru","arima"
2022-11-19,2,"garch","xgb","gru"
2022-11-19,3,"garch","xgb","lm"
2022-11-19,4,"arima","gbm","xgb"
2022-11-19,5,"gbm","gru","rf"
2022-11-19,6,"gru","gbm","rf"
2022-11-19,7,"gru","gbm","rf"
2022-11-19,8,"gru","rf","gbm"
2022-11-19,9,"gru","rf","gbm"
2022-11-19,10,"gru","rf","gbm"
2022-11-19,11,"rf","gru","gbm"
2022-11-19,12,"rf","gru","gbm"
2022-11-19,13,"rf","gru","gbm"
2022-11-19,14,"rf","gpr","lm"
2022-11-20,0,"lm","garch","arima"
2022-11-20,1,"gru","xgb","arima"
2022-11-20,2,"garch","xgb","gru"
2022-11-20,3,"xgb","garch","lm"
2022-11-20,4,"xgb","arima","gbm"
2022-11-20,5,"gbm","xgb","gru"
2022-11-20,6,"gbm","gru","rf"
2022-11-20,7,"gru","gbm","rf"
2022-11-20,8,"gru","gbm","rf"
2022-11-20,9,"gru","rf","gbm"
2022-11-20,10,"gru","rf","gbm"
2022-11-20,11,"gru","rf","gbm"
2022-11-20,12,"rf","gru","gbm"
2022-11-20,13,"rf","gru","gbm"
2022-11-20,14,"rf","gru","garch"
2022-11-21,0,"lm","garch","gpr"
2022-11-21,1,"gru","xgb","arima"
2022-11-21,2,"xgb","garch","gru"
2022-11-21,3,"xgb","garch","lm"
2022-11-21,4,"xgb","arima","gbm"
2022-11-21,5,"gbm","xgb","arima"
2022-11-21,6,"gbm","garch","arima"
2022-11-21,7,"gru","gbm","rf"
2022-11-21,8,"gru","gbm","rf"
2022-11-21,9,"gru","rf","gbm"
2022-11-21,10,"gru","rf","gbm"
2022-11-21,11,"gru","rf","gbm"
2022-11-21,12,"rf","gru","gbm"
2022-11-21,13,"rf","gru","gbm"
2022-11-21,14,"rf","gru","gpr"
2022-11-22,0,"lm","gpr","garch"
2022-11-22,1,"gru","xgb","arima"
2022-11-22,2,"xgb","gru","gbm"
2022-11-22,3,"xgb","gbm","garch"
2022-11-22,4,"xgb","arima","gbm"
2022-11-22,5,"gbm","arima","garch"
2022-11-22,6,"gbm","garch","arima"
2022-11-22,7,"gru","gbm","rf"
2022-11-22,8,"gru","gbm","rf"
2022-11-22,9,"gru","rf","gbm"
2022-11-22,10,"gru","rf","gbm"
2022-11-22,11,"gru","rf","gbm"
2022-11-22,12,"rf","gru","gbm"
2022-11-22,13,"rf","gru","gbm"
2022-11-22,14,"gru","rf","gpr"
2022-11-23,0,"garch","lm","arima"
2022-11-23,1,"xgb","gru","arima"
2022-11-23,2,"xgb","gru","gbm"
2022-11-23,3,"xgb","gbm","gru"
2022-11-23,4,"xgb","gbm","arima"
2022-11-23,5,"gbm","arima","garch"
2022-11-23,6,"gbm","gru","garch"
2022-11-23,7,"gru","gbm","rf"
2022-11-23,8,"gru","gbm","rf"
2022-11-23,9,"gru","rf","gbm"
2022-11-23,10,"gru","rf","gbm"
2022-11-23,11,"gru","rf","gbm"
2022-11-23,12,"rf","gru","gbm"
2022-11-23,13,"gru","rf","gbm"
2022-11-23,14,"gru","rf","gpr"
2022-11-24,0,"lm","gam","garch"
2022-11-24,1,"xgb","gru","gbm"
2022-11-24,2,"xgb","gru","arima"
2022-11-24,3,"xgb","garch","gbm"
2022-11-24,4,"xgb","arima","garch"
2022-11-24,5,"arima","garch","gbm"
2022-11-24,6,"gru","garch","arima"
2022-11-24,7,"gru","gbm","xgb"
2022-11-24,8,"gru","gbm","rf"
2022-11-24,9,"gru","rf","gbm"
2022-11-24,10,"gru","rf","gbm"
2022-11-24,11,"gru","rf","gbm"
2022-11-24,12,"gru","rf","gbm"
2022-11-24,13,"gru","rf","gbm"
2022-11-24,14,"gru","rf","gbm"
2022-11-25,0,"gam","lm","garch"
2022-11-25,1,"xgb","gru","gbm"
2022-11-25,2,"xgb","gru","gbm"
2022-11-25,3,"xgb","arima","gbm"
2022-11-25,4,"xgb","arima","garch"
2022-11-25,5,"arima","garch","lm"
2022-11-25,6,"gru","garch","arima"
2022-11-25,7,"gru","xgb","gbm"
2022-11-25,8,"gru","gbm","xgb"
2022-11-25,9,"gru","rf","gbm"
2022-11-25,10,"gru","rf","gbm"
2022-11-25,11,"gru","rf","gbm"
2022-11-25,12,"gru","rf","gbm"
2022-11-25,13,"gru","rf","gbm"
2022-11-25,14,"gru","rf","gbm"
2022-11-26,0,"gam","lm","svr"
2022-11-26,1,"xgb","gbm","gru"
2022-11-26,2,"xgb","arima","gbm"
2022-11-26,3,"xgb","arima","gbm"
2022-11-26,4,"arima","xgb","garch"
2022-11-26,5,"arima","garch","lm"
2022-11-26,6,"xgb","lm","garch"
2022-11-26,7,"xgb","gru","gbm"
2022-11-26,8,"xgb","gru","gbm"
2022-11-26,9,"gru","gbm","xgb"
2022-11-26,10,"gru","rf","gbm"
2022-11-26,11,"gru","rf","gbm"
2022-11-26,12,"gru","rf","gbm"
2022-11-26,13,"gru","rf","gbm"
2022-11-26,14,"gru","rf","gbm"
2022-11-27,0,"xgb","gam","svr"
2022-11-27,1,"xgb","gbm","gru"
2022-11-27,2,"xgb","gbm","arima"
2022-11-27,3,"arima","xgb","gbm"
2022-11-27,4,"arima","xgb","garch"
2022-11-27,5,"arima","garch","lm"
2022-11-27,6,"xgb","lm","garch"
2022-11-27,7,"xgb","gru","gbm"
2022-11-27,8,"xgb","gru","gbm"
2022-11-27,9,"gru","gbm","xgb"
2022-11-27,10,"gru","rf","gbm"
2022-11-27,11,"gru","xgb","gbm"
2022-11-27,12,"gru","rf","gbm"
2022-11-27,13,"gru","gbm","rf"
2022-11-27,14,"gru","rf","gbm"
2022-11-28,0,"xgb","svr","gam"
2022-11-28,1,"xgb","gbm","gru"
2022-11-28,2,"xgb","gbm","arima"
2022-11-28,3,"xgb","gbm","arima"
2022-11-28,4,"arima","garch","xgb"
2022-11-28,5,"arima","garch","lm"
2022-11-28,6,"xgb","garch","lm"
2022-11-28,7,"xgb","gru","gbm"
2022-11-28,8,"xgb","gru","gbm"
2022-11-28,9,"gru","xgb","gbm"
2022-11-28,10,"gru","xgb","rf"
2022-11-28,11,"gru","xgb","gbm"
2022-11-28,12,"gru","gbm","rf"
2022-11-28,13,"gru","gbm","rf"
2022-11-28,14,"gru","rf","gbm"
2022-11-29,0,"xgb","svr","gam"
2022-11-29,1,"xgb","gbm","rf"
2022-11-29,2,"xgb","gbm","arima"
2022-11-29,3,"xgb","gbm","arima"
2022-11-29,4,"arima","garch","gbm"
2022-11-29,5,"arima","garch","lm"
2022-11-29,6,"xgb","lm","garch"
2022-11-29,7,"xgb","gru","gbm"
2022-11-29,8,"xgb","gru","gbm"
2022-11-29,9,"gru","xgb","gbm"
2022-11-29,10,"gru","xgb","rf"
2022-11-29,11,"gru","xgb","gbm"
2022-11-29,12,"gru","gbm","rf"
2022-11-29,13,"gru","gbm","rf"
2022-11-29,14,"gru","rf","gbm"
2022-11-30,0,"svr","xgb","gam"
2022-11-30,1,"xgb","gbm","rf"
2022-11-30,2,"xgb","gbm","rf"
2022-11-30,3,"xgb","gbm","rf"
2022-11-30,4,"arima","garch","xgb"
2022-11-30,5,"garch","arima","lm"
2022-11-30,6,"lm","gpr","garch"
2022-11-30,7,"xgb","gru","gbm"
2022-11-30,8,"xgb","gru","gbm"
2022-11-30,9,"gru","xgb","gbm"
2022-11-30,10,"gru","xgb","rf"
2022-11-30,11,"gru","xgb","gbm"
2022-11-30,12,"gru","gbm","rf"
2022-11-30,13,"gru","gbm","rf"
2022-11-30,14,"gru","rf","gbm"
2022-12-01,0,"gam","xgb","svr"
2022-12-01,1,"xgb","gru","gbm"
2022-12-01,2,"xgb","gbm","arima"
2022-12-01,3,"xgb","gbm","arima"
2022-12-01,4,"xgb","arima","garch"
2022-12-01,5,"garch","arima","lm"
2022-12-01,6,"lm","gpr","garch"
2022-12-01,7,"xgb","gru","lm"
2022-12-01,8,"gru","xgb","arima"
2022-12-01,9,"xgb","gru","arima"
2022-12-01,10,"xgb","gru","arima"
2022-12-01,11,"gru","xgb","garch"
2022-12-01,12,"gru","garch","arima"
2022-12-01,13,"gru","gbm","rf"
2022-12-01,14,"gru","rf","gbm"
2022-12-02,0,"gam","svr","lm"
2022-12-02,1,"xgb","gru","gbm"
2022-12-02,2,"arima","xgb","gbm"
2022-12-02,3,"gbm","arima","xgb"
2022-12-02,4,"arima","garch","gru"
2022-12-02,5,"garch","arima","lm"
2022-12-02,6,"lm","gpr","garch"
2022-12-02,7,"xgb","gru","gpr"
2022-12-02,8,"gru","xgb","arima"
2022-12-02,9,"gru","xgb","arima"
2022-12-02,10,"xgb","gru","garch"
2022-12-02,11,"arima","xgb","garch"
2022-12-02,12,"garch","lm","gpr"
2022-12-02,13,"gru","gpr","lm"
2022-12-02,14,"gru","gbm","rf"
2022-12-03,0,"gam","garch","arima"
2022-12-03,1,"xgb","gru","gbm"
2022-12-03,2,"xgb","gbm","arima"
2022-12-03,3,"gbm","arima","rf"
2022-12-03,4,"arima","garch","gru"
2022-12-03,5,"garch","arima","gpr"
2022-12-03,6,"garch","arima","lm"
2022-12-03,7,"gru","xgb","lm"
2022-12-03,8,"gru","xgb","arima"
2022-12-03,9,"gru","xgb","arima"
2022-12-03,10,"xgb","gru","arima"
2022-12-03,11,"xgb","arima","garch"
2022-12-03,12,"garch","arima","lm"
2022-12-03,13,"arima","gru","gpr"
2022-12-03,14,"gru","xgb","gbm"
2022-12-04,0,"garch","arima","gam"
2022-12-04,1,"xgb","gru","gbm"
2022-12-04,2,"xgb","gbm","arima"
2022-12-04,3,"gbm","xgb","rf"
2022-12-04,4,"arima","garch","gru"
2022-12-04,5,"garch","arima","gpr"
2022-12-04,6,"arima","garch","lm"
2022-12-04,7,"gru","xgb","lm"
2022-12-04,8,"gru","xgb","arima"
2022-12-04,9,"gru","xgb","arima"
2022-12-04,10,"xgb","gru","arima"
2022-12-04,11,"xgb","arima","garch"
2022-12-04,12,"garch","arima","xgb"
2022-12-04,13,"arima","gru","garch"
2022-12-04,14,"gru","xgb","gpr"
2022-12-05,0,"garch","arima","gam"
2022-12-05,1,"xgb","garch","arima"
2022-12-05,2,"xgb","garch","arima"
2022-12-05,3,"gbm","arima","xgb"
2022-12-05,4,"gru","gbm","xgb"
2022-12-05,5,"arima","garch","lm"
2022-12-05,6,"arima","garch","lm"
2022-12-05,7,"gru","lm","gpr"
2022-12-05,8,"gru","arima","garch"
2022-12-05,9,"gru","arima","garch"
2022-12-05,10,"gru","xgb","arima"
2022-12-05,11,"xgb","gru","arima"
2022-12-05,12,"xgb","garch","arima"
2022-12-05,13,"arima","gru","garch"
2022-12-05,14,"gru","xgb","garch"
2022-12-06,0,"garch","arima","svr"
2022-12-06,1,"xgb","garch","arima"
2022-12-06,2,"xgb","garch","arima"
2022-12-06,3,"arima","garch","xgb"
2022-12-06,4,"gru","garch","arima"
2022-12-06,5,"gru","arima","garch"
2022-12-06,6,"arima","garch","lm"
2022-12-06,7,"gru","arima","garch"
2022-12-06,8,"gru","arima","garch"
2022-12-06,9,"gru","arima","garch"
2022-12-06,10,"gru","xgb","arima"
2022-12-06,11,"xgb","gru","arima"
2022-12-06,12,"xgb","gru","garch"
2022-12-06,13,"arima","gru","garch"
2022-12-06,14,"gru","xgb","garch"
2022-12-07,0,"garch","arima","lm"
2022-12-07,1,"garch","arima","lm"
2022-12-07,2,"gru","xgb","garch"
2022-12-07,3,"arima","garch","lm"
2022-12-07,4,"gru","garch","arima"
2022-12-07,5,"gru","arima","garch"
2022-12-07,6,"gru","arima","garch"
2022-12-07,7,"gru","garch","arima"
2022-12-07,8,"gru","arima","garch"
2022-12-07,9,"gru","arima","garch"
2022-12-07,10,"gru","arima","garch"
2022-12-07,11,"gru","xgb","garch"
2022-12-07,12,"xgb","gru","garch"
2022-12-07,13,"arima","gru","xgb"
2022-12-07,14,"gru","xgb","garch"
2022-12-08,0,"arima","garch","lm"
2022-12-08,1,"gru","xgb","garch"
2022-12-08,2,"gru","arima","garch"
2022-12-08,3,"arima","gru","garch"
2022-12-08,4,"gru","arima","garch"
2022-12-08,5,"gru","garch","gbm"
2022-12-08,6,"gru","gbm","lm"
2022-12-08,7,"xgb","gru","rf"
2022-12-08,8,"gru","arima","garch"
2022-12-08,9,"gru","garch","arima"
2022-12-08,10,"gru","xgb","garch"
2022-12-08,11,"xgb","gru","garch"
2022-12-08,12,"xgb","gru","garch"
2022-12-08,13,"arima","xgb","gru"
2022-12-08,14,"gru","xgb","gpr"
2022-12-09,0,"arima","garch","lm"
2022-12-09,1,"gru","xgb","arima"
2022-12-09,2,"gru","arima","garch"
2022-12-09,3,"gru","arima","garch"
2022-12-09,4,"gru","gam","arima"
2022-12-09,5,"gru","arima","garch"
2022-12-09,6,"gru","gbm","lm"
2022-12-09,7,"gru","xgb","gbm"
2022-12-09,8,"rf","gru","gbm"
2022-12-09,9,"gru","garch","arima"
2022-12-09,10,"gru","arima","garch"
2022-12-09,11,"gru","garch","xgb"
2022-12-09,12,"gru","garch","xgb"
2022-12-09,13,"arima","gru","gpr"
2022-12-09,14,"gru","xgb","gpr"
2022-12-10,0,"arima","garch","gru"
2022-12-10,1,"gru","xgb","arima"
2022-12-10,2,"gru","arima","garch"
2022-12-10,3,"gru","arima","garch"
2022-12-10,4,"gru","gam","arima"
2022-12-10,5,"gru","gbm","garch"
2022-12-10,6,"gru","gbm","lm"
2022-12-10,7,"gru","gbm","xgb"
2022-12-10,8,"rf","xgb","gbm"
2022-12-10,9,"gru","gbm","xgb"
2022-12-10,10,"gru","arima","garch"
2022-12-10,11,"gru","garch","gpr"
2022-12-10,12,"gru","garch","lm"
2022-12-10,13,"arima","gru","gpr"
2022-12-10,14,"gru","xgb","gpr"
2022-12-11,0,"arima","garch","gru"
2022-12-11,1,"gru","xgb","arima"
2022-12-11,2,"gru","arima","garch"
2022-12-11,3,"gru","arima","lm"
2022-12-11,4,"gru","arima","lm"
2022-12-11,5,"gru","gbm","arima"
2022-12-11,6,"gru","gbm","xgb"
2022-12-11,7,"gru","gbm","xgb"
2022-12-11,8,"xgb","gru","gbm"
2022-12-11,9,"xgb","gru","gbm"
2022-12-11,10,"xgb","gru","gbm"
2022-12-11,11,"xgb","gru","garch"
2022-12-11,12,"xgb","gru","garch"
2022-12-11,13,"xgb","gru","arima"
2022-12-11,14,"gru","xgb","gpr"
2022-12-12,0,"arima","garch","lm"
2022-12-12,1,"gru","xgb","garch"
2022-12-12,2,"gru","arima","garch"
2022-12-12,3,"gru","arima","xgb"
2022-12-12,4,"gru","arima","gam"
2022-12-12,5,"gru","gbm","rf"
2022-12-12,6,"gru","gbm","xgb"
2022-12-12,7,"gru","gbm","xgb"
2022-12-12,8,"gru","xgb","gbm"
2022-12-12,9,"gru","xgb","gbm"
2022-12-12,10,"xgb","gru","gbm"
2022-12-12,11,"xgb","gru","gbm"
2022-12-12,12,"xgb","gru","garch"
2022-12-12,13,"xgb","gru","arima"
2022-12-12,14,"gru","xgb","gpr"
2022-12-13,0,"gru","lm","arima"
2022-12-13,1,"gru","xgb","arima"
2022-12-13,2,"gru","arima","garch"
2022-12-13,3,"gru","arima","gpr"
2022-12-13,4,"gru","arima","gam"
2022-12-13,5,"gru","gbm","rf"
2022-12-13,6,"gru","gbm","xgb"
2022-12-13,7,"gru","gbm","xgb"
2022-12-13,8,"gru","xgb","gbm"
2022-12-13,9,"gru","xgb","gbm"
2022-12-13,10,"xgb","gru","gbm"
2022-12-13,11,"xgb","gru","gbm"
2022-12-13,12,"xgb","gru","garch"
2022-12-13,13,"xgb","gru","gpr"
2022-12-13,14,"gru","xgb","gpr"
2022-12-14,0,"gru","lm","gpr"
2022-12-14,1,"gru","xgb","arima"
2022-12-14,2,"gru","arima","gpr"
2022-12-14,3,"gru","gpr","lm"
2022-12-14,4,"gru","arima","gam"
2022-12-14,5,"gru","gbm","rf"
2022-12-14,6,"gru","gbm","lm"
2022-12-14,7,"gru","gbm","xgb"
2022-12-14,8,"gru","xgb","gbm"
2022-12-14,9,"gru","xgb","gbm"
2022-12-14,10,"xgb","gru","gbm"
2022-12-14,11,"xgb","gru","gbm"
2022-12-14,12,"xgb","gru","garch"
2022-12-14,13,"xgb","gru","gpr"
2022-12-14,14,"gru","xgb","gpr"
2022-12-15,0,"garch","lm","gam"
2022-12-15,1,"gru","arima","gpr"
2022-12-15,2,"gru","arima","gpr"
2022-12-15,3,"gru","gpr","arima"
2022-12-15,4,"gru","arima","rf"
2022-12-15,5,"gru","rf","xgb"
2022-12-15,6,"gru","gbm","xgb"
2022-12-15,7,"gru","xgb","gbm"
2022-12-15,8,"gru","gbm","xgb"
2022-12-15,9,"gru","xgb","gbm"
2022-12-15,10,"gru","xgb","gbm"
2022-12-15,11,"xgb","gru","gbm"
2022-12-15,12,"gru","xgb","gbm"
2022-12-15,13,"xgb","gru","gpr"
2022-12-15,14,"gru","xgb","gpr"
2022-12-16,0,"garch","gpr","arima"
2022-12-16,1,"gpr","arima","lm"
2022-12-16,2,"gru","gpr","lm"
2022-12-16,3,"gru","gpr","lm"
2022-12-16,4,"gru","xgb","rf"
2022-12-16,5,"gru","rf","xgb"
2022-12-16,6,"gbm","gru","xgb"
2022-12-16,7,"gru","xgb","gbm"
2022-12-16,8,"gru","xgb","gbm"
2022-12-16,9,"gru","gbm","xgb"
2022-12-16,10,"xgb","gru","gbm"
2022-12-16,11,"xgb","gru","gbm"
2022-12-16,12,"gru","xgb","gbm"
2022-12-16,13,"xgb","gru","gbm"
2022-12-16,14,"gru","xgb","gpr"
2022-12-17,0,"gpr","xgb","svr"
2022-12-17,1,"rf","xgb","gpr"
2022-12-17,2,"gpr","lm","gam"
2022-12-17,3,"gpr","gam","lm"
2022-12-17,4,"gru","xgb","rf"
2022-12-17,5,"rf","gru","xgb"
2022-12-17,6,"gbm","rf","gru"
2022-12-17,7,"gru","xgb","rf"
2022-12-17,8,"gru","gbm","xgb"
2022-12-17,9,"gru","gbm","xgb"
2022-12-17,10,"gru","xgb","gbm"
2022-12-17,11,"gru","xgb","gbm"
2022-12-17,12,"gru","xgb","gbm"
2022-12-17,13,"gru","xgb","gbm"
2022-12-17,14,"gru","xgb","gbm"
2022-12-18,0,"gbm","rf","svr"
2022-12-18,1,"rf","xgb","gbm"
2022-12-18,2,"rf","svr","gpr"
2022-12-18,3,"svr","gpr","lm"
2022-12-18,4,"xgb","gpr","lm"
2022-12-18,5,"rf","gru","xgb"
2022-12-18,6,"gbm","rf","lm"
2022-12-18,7,"gru","rf","xgb"
2022-12-18,8,"gru","gbm","rf"
2022-12-18,9,"gru","gbm","rf"
2022-12-18,10,"gru","gbm","rf"
2022-12-18,11,"gru","gbm","rf"
2022-12-18,12,"gru","gbm","rf"
2022-12-18,13,"gru","gbm","xgb"
2022-12-18,14,"gru","xgb","gbm"
2022-12-19,0,"gbm","svr","gpr"
2022-12-19,1,"rf","xgb","gbm"
2022-12-19,2,"gbm","rf","svr"
2022-12-19,3,"svr","rf","gbm"
2022-12-19,4,"xgb","gpr","lm"
2022-12-19,5,"xgb","rf","arima"
2022-12-19,6,"rf","gbm","lm"
2022-12-19,7,"rf","gru","xgb"
2022-12-19,8,"gru","gbm","rf"
2022-12-19,9,"gru","gbm","rf"
2022-12-19,10,"gru","gbm","rf"
2022-12-19,11,"gru","gbm","rf"
2022-12-19,12,"gru","rf","gbm"
2022-12-19,13,"gru","gbm","xgb"
2022-12-19,14,"gru","xgb","gbm"
2022-12-20,0,"gbm","rf","svr"
2022-12-20,1,"xgb","rf","gbm"
2022-12-20,2,"xgb","gbm","rf"
2022-12-20,3,"rf","svr","gbm"
2022-12-20,4,"xgb","gbm","rf"
2022-12-20,5,"arima","garch","rf"
2022-12-20,6,"lm","gpr","rf"
2022-12-20,7,"rf","xgb","gru"
2022-12-20,8,"rf","gru","gbm"
2022-12-20,9,"gbm","gru","rf"
2022-12-20,10,"gru","gbm","rf"
2022-12-20,11,"gru","gbm","rf"
2022-12-20,12,"gru","rf","gbm"
2022-12-20,13,"gru","gbm","gpr"
2022-12-20,14,"gru","gbm","xgb"
2022-12-21,0,"gru","gbm","rf"
2022-12-21,1,"rf","gbm","xgb"
2022-12-21,2,"xgb","svr","gbm"
2022-12-21,3,"svr","rf","gbm"
2022-12-21,4,"xgb","gbm","rf"
2022-12-21,5,"rf","garch","arima"
2022-12-21,6,"lm","gpr","rf"
2022-12-21,7,"xgb","rf","gru"
2022-12-21,8,"rf","gru","xgb"
2022-12-21,9,"gbm","rf","gru"
2022-12-21,10,"gbm","gru","rf"
2022-12-21,11,"gru","gbm","rf"
2022-12-21,12,"gru","rf","gbm"
2022-12-21,13,"gru","gpr","lm"
2022-12-21,14,"gru","gbm","xgb"
2022-12-22,0,"xgb","gbm","gru"
2022-12-22,1,"xgb","gbm","rf"
2022-12-22,2,"xgb","gbm","svr"
2022-12-22,3,"xgb","rf","svr"
2022-12-22,4,"xgb","gbm","arima"
2022-12-22,5,"garch","arima","lm"
2022-12-22,6,"gpr","lm","svr"
2022-12-22,7,"gru","xgb","gpr"
2022-12-22,8,"gru","xgb","rf"
2022-12-22,9,"gru","rf","xgb"
2022-12-22,10,"gru","rf","xgb"
2022-12-22,11,"gru","rf","xgb"
2022-12-22,12,"gru","rf","gpr"
2022-12-22,13,"gru","gpr","lm"
2022-12-22,14,"gru","gbm","gpr"
2022-12-23,0,"xgb","gru","lm"
2022-12-23,1,"xgb","gru","gbm"
2022-12-23,2,"xgb","gbm","arima"
2022-12-23,3,"xgb","arima","garch"
2022-12-23,4,"xgb","gbm","arima"
2022-12-23,5,"gbm","garch","arima"
2022-12-23,6,"gpr","lm","garch"
2022-12-23,7,"gru","xgb","gpr"
2022-12-23,8,"gru","xgb","rf"
2022-12-23,9,"gru","xgb","arima"
2022-12-23,10,"gru","xgb","svr"
2022-12-23,11,"gru","xgb","arima"
2022-12-23,12,"gru","arima","garch"
2022-12-23,13,"gru","lm","gpr"
2022-12-23,14,"gru","gbm","gpr"
2022-12-24,0,"lm","arima","garch"
2022-12-24,1,"xgb","gru","lm"
2022-12-24,2,"xgb","gbm","gru"
2022-12-24,3,"xgb","garch","arima"
2022-12-24,4,"xgb","arima","garch"
2022-12-24,5,"gbm","garch","arima"
2022-12-24,6,"gpr","lm","garch"
2022-12-24,7,"gru","gpr","lm"
2022-12-24,8,"gru","xgb","gpr"
2022-12-24,9,"gru","xgb","arima"
2022-12-24,10,"gru","arima","garch"
2022-12-24,11,"gru","arima","xgb"
2022-12-24,12,"gru","arima","garch"
2022-12-24,13,"gru","lm","gpr"
2022-12-24,14,"gru","lm","gpr"
2022-12-25,0,"arima","lm","garch"
2022-12-25,1,"xgb","gru","lm"
2022-12-25,2,"xgb","gru","gam"
2022-12-25,3,"xgb","garch","gbm"
2022-12-25,4,"xgb","arima","garch"
2022-12-25,5,"gbm","garch","arima"
2022-12-25,6,"gru","gpr","lm"
2022-12-25,7,"gru","gpr","lm"
2022-12-25,8,"gru","gpr","lm"
2022-12-25,9,"gru","xgb","gpr"
2022-12-25,10,"gru","xgb","arima"
2022-12-25,11,"gru","arima","garch"
2022-12-25,12,"arima","gru","garch"
2022-12-25,13,"gru","arima","lm"
2022-12-25,14,"gru","lm","gpr"
2022-12-26,0,"lm","arima","garch"
2022-12-26,1,"gru","lm","gpr"
2022-12-26,2,"xgb","gru","gam"
2022-12-26,3,"xgb","gam","gru"
2022-12-26,4,"xgb","arima","garch"
2022-12-26,5,"gbm","garch","arima"
2022-12-26,6,"gru","gpr","lm"
2022-12-26,7,"gru","gpr","lm"
2022-12-26,8,"gru","gpr","lm"
2022-12-26,9,"gru","xgb","gpr"
2022-12-26,10,"gru","xgb","arima"
2022-12-26,11,"gru","arima","garch"
2022-12-26,12,"arima","garch","lm"
2022-12-26,13,"garch","lm","gpr"
2022-12-26,14,"gru","lm","arima"
2022-12-27,0,"arima","lm","gam"
2022-12-27,1,"gru","gpr","lm"
2022-12-27,2,"gru","gam","garch"
2022-12-27,3,"gam","gru","garch"
2022-12-27,4,"xgb","gam","arima"
2022-12-27,5,"gbm","gru","garch"
2022-12-27,6,"gru","gpr","lm"
2022-12-27,7,"gru","gpr","lm"
2022-12-27,8,"gru","gpr","lm"
2022-12-27,9,"gru","xgb","gpr"
2022-12-27,10,"gru","xgb","gpr"
2022-12-27,11,"gru","arima","garch"
2022-12-27,12,"arima","gru","garch"
2022-12-27,13,"garch","lm","gpr"
2022-12-27,14,"gru","arima","lm"
2022-12-28,0,"arima","lm","garch"
2022-12-28,1,"gru","gam","gpr"
2022-12-28,2,"gru","gam","arima"
2022-12-28,3,"gru","gam","garch"
2022-12-28,4,"gam","xgb","arima"
2022-12-28,5,"gru","gbm","garch"
2022-12-28,6,"gru","gbm","gpr"
2022-12-28,7,"gru","gpr","lm"
2022-12-28,8,"gru","gpr","lm"
2022-12-28,9,"gru","xgb","gpr"
2022-12-28,10,"gru","xgb","gpr"
2022-12-28,11,"gru","arima","xgb"
2022-12-28,12,"arima","gru","garch"
2022-12-28,13,"gru","garch","arima"
2022-12-28,14,"arima","gru","lm"
2022-12-29,0,"lm","arima","gam"
2022-12-29,1,"gru","gpr","lm"
2022-12-29,2,"gru","gam","arima"
2022-12-29,3,"gru","gam","garch"
2022-12-29,4,"gam","xgb","arima"
2022-12-29,5,"gru","gbm","arima"
2022-12-29,6,"gru","gbm","gpr"
2022-12-29,7,"gru","gam","gpr"
2022-12-29,8,"gru","gpr","lm"
2022-12-29,9,"gru","xgb","gpr"
2022-12-29,10,"gru","xgb","gbm"
2022-12-29,11,"gru","xgb","arima"
2022-12-29,12,"arima","gru","garch"
2022-12-29,13,"gru","arima","garch"
2022-12-29,14,"arima","gru","lm"
2022-12-30,0,"arima","lm","garch"
2022-12-30,1,"lm","gpr","gam"
2022-12-30,2,"gru","arima","garch"
2022-12-30,3,"gru","garch","gam"
2022-12-30,4,"gam","arima","xgb"
2022-12-30,5,"gru","gbm","garch"
2022-12-30,6,"gru","gbm","lm"
2022-12-30,7,"gru","gbm","gam"
2022-12-30,8,"gru","gbm","gpr"
2022-12-30,9,"gru","xgb","gbm"
2022-12-30,10,"gru","gbm","xgb"
2022-12-30,11,"gru","xgb","gbm"
2022-12-30,12,"gru","arima","xgb"
2022-12-30,13,"gru","arima","garch"
2022-12-30,14,"gru","arima","lm"
2022-12-31,0,"garch","arima","lm"
2022-12-31,1,"lm","gpr","gru"
2022-12-31,2,"arima","gru","garch"
2022-12-31,3,"gru","arima","garch"
2022-12-31,4,"gam","arima","garch"
2022-12-31,5,"gbm","arima","garch"
2022-12-31,6,"gbm","gru","lm"
2022-12-31,7,"gru","gbm","lm"
2022-12-31,8,"gbm","gru","gpr"
2022-12-31,9,"gru","gbm","xgb"
2022-12-31,10,"gru","gbm","xgb"
2022-12-31,11,"gru","gbm","xgb"
2022-12-31,12,"gru","gbm","xgb"
2022-12-31,13,"gru","arima","garch"
2022-12-31,14,"gru","arima","gpr"
